age,gender,height_cm,weight_kg,body fat_%,diastolic,systolic,gripForce,sit and bend forward_cm,sit-ups counts,broad jump_cm,class
57.0,F,148.0,54.0,33.6,78.0,135.0,27.4,18.8,16.0,137.0,C
30.0,M,179.7,75.7,22.8,83.0,142.0,37.6,8.0,50.0,223.0,C
25.0,F,160.0,57.4,17.5,72.0,127.0,34.9,31.0,51.0,200.0,A
27.0,M,172.6,79.6,19.3,92.0,140.0,53.9,14.2,57.0,206.0,C
30.0,F,158.2,52.9,27.8,74.0,137.0,26.9,23.9,32.0,172.0,B
45.0,F,157.4,56.4,27.4,79.0,128.0,28.8,19.4,36.0,158.0,A
22.0,M,178.0,62.3,11.8,61.0,125.0,41.0,15.0,54.0,214.0,B
21.0,M,168.7,70.1,26.1,84.0,130.0,41.3,9.8,32.0,213.0,D
21.0,M,188.1,69.2,10.3,87.0,137.0,47.6,22.0,48.0,244.0,B
21.0,F,160.0,62.26,33.5,75.0,114.0,27.5,21.3,39.0,147.0,A
34.0,M,180.0,72.5,16.5,81.0,144.0,40.8,8.5,38.0,237.0,C
37.0,M,167.6,75.6,23.0,94.0,139.0,48.1,13.5,49.0,215.0,B
41.0,M,172.5,65.8,17.4,92.0,124.0,51.7,11.3,32.0,220.0,C
47.0,M,174.8,77.4,18.2,79.0,126.0,18.0,14.0,41.0,205.0,A
21.0,M,170.3,81.2,29.4,59.0,101.0,33.8,12.6,35.0,200.0,D
22.0,M,167.0,71.1,27.2,85.0,133.0,34.9,6.5,35.0,192.0,D
22.0,M,182.9,82.7,17.0,67.0,123.0,50.9,23.9,59.0,238.0,A
35.0,F,159.5,63.5,28.4,62.0,118.0,28.9,16.2,25.0,161.0,C
45.0,F,161.8,59.6,33.0,77.0,130.0,23.6,25.0,27.0,135.0,C
24.0,F,160.6,60.24,29.6,61.0,122.0,32.3,8.6,28.0,151.0,D
51.0,F,156.9,56.2,34.9,89.0,154.0,24.8,24.0,30.0,150.0,A
22.0,M,179.4,90.6,30.4,79.0,142.0,41.0,8.6,50.0,199.0,D
60.0,F,160.2,57.9,34.1,67.0,118.0,19.0,19.0,24.0,145.0,B
35.0,M,173.8,68.84,21.7,81.0,139.0,46.4,12.1,55.0,184.0,B
36.0,M,173.0,73.9,16.9,71.0,109.0,50.0,21.0,60.0,240.0,A
25.0,F,163.1,60.9,31.2,72.0,119.0,25.8,24.9,40.0,163.0,B
34.0,M,175.2,75.8,14.0,65.0,131.0,51.7,14.6,57.0,247.0,A
56.0,F,154.4,53.3,24.6,65.0,115.0,24.6,12.8,36.0,146.0,C
21.0,F,156.9,45.7,19.7,74.0,128.0,22.7,30.7,57.0,206.0,A
21.0,M,170.0,64.1,18.9,71.0,120.0,49.0,21.8,53.0,250.0,B
28.0,M,173.3,70.8,24.6,84.0,140.0,45.4,11.6,53.0,232.0,C
42.0,M,169.2,65.4,19.3,63.0,110.0,43.5,16.0,68.0,211.0,A
40.0,M,178.8,81.2,16.3,70.0,133.0,53.8,11.0,63.0,240.0,B
28.0,M,180.2,93.9,28.4,90.0,150.0,47.2,11.4,48.0,191.0,D
24.0,F,159.3,72.4,42.1,88.0,131.0,1.6,16.4,39.0,139.0,D
57.0,F,159.3,47.8,25.4,75.0,111.0,16.5,22.4,19.0,107.0,C
28.0,F,164.0,52.6,21.3,80.0,120.0,24.6,18.3,32.0,165.0,B
58.0,F,146.5,46.4,32.9,71.0,127.0,18.7,17.4,20.0,111.0,C
26.0,F,171.0,61.9,28.7,80.0,127.0,21.5,16.0,37.0,158.0,B
23.0,M,174.8,73.8,21.3,72.0,126.0,33.9,-0.9,39.0,191.0,D
37.0,M,172.0,73.1,14.1,88.0,137.0,56.0,14.3,38.0,242.0,C
26.0,M,166.0,83.6,29.2,87.0,143.0,47.9,20.4,53.0,211.0,B
33.0,M,171.5,72.9,13.1,63.0,111.0,52.6,20.1,64.0,254.0,A
27.0,F,162.5,57.0,21.5,59.0,111.0,26.6,29.6,50.0,182.0,A
25.0,M,187.5,78.6,13.5,88.0,137.0,42.2,17.1,40.0,234.0,C
49.0,F,156.5,49.7,20.6,76.0,109.0,28.9,25.8,45.0,145.0,B
23.0,F,159.8,52.7,17.0,72.0,117.0,26.9,25.4,61.0,195.0,A
24.0,M,172.5,62.1,23.3,80.0,118.0,32.0,0.0,34.0,180.0,D
25.0,F,162.6,63.0,31.2,75.0,129.0,32.8,21.6,38.0,164.0,A
35.0,M,169.8,70.82,25.1,76.0,115.0,45.2,12.6,42.0,219.0,B
29.0,M,177.2,68.0,13.0,62.0,105.0,51.9,14.0,59.0,233.0,B
23.0,M,179.1,65.5,12.2,71.0,111.0,38.6,6.5,41.0,252.0,D
23.0,M,172.7,71.34,16.4,57.0,118.0,50.9,7.5,45.0,199.0,C
61.0,M,159.2,67.6,25.4,81.0,137.0,39.0,9.0,29.0,161.0,B
51.0,F,160.3,56.4,28.4,83.0,119.0,21.1,22.5,38.0,134.0,B
21.0,M,170.2,62.0,13.8,65.0,131.0,35.9,16.4,65.0,245.0,A
29.0,M,173.6,102.8,35.5,90.0,126.0,54.6,1.8,36.0,203.0,D
44.0,F,154.0,65.1,36.4,84.0,130.0,27.9,23.9,0.0,112.0,D
48.0,M,175.0,84.3,29.2,96.0,137.0,37.0,-2.4,24.0,171.0,D
40.0,M,177.8,90.9,26.5,91.0,147.0,35.5,-12.5,23.0,170.0,D
37.0,M,176.4,75.3,30.7,97.0,159.0,46.4,8.8,31.0,183.0,D
33.0,M,184.5,108.3,30.2,87.0,152.0,58.7,16.7,50.0,224.0,D
35.0,M,166.7,67.1,20.4,86.0,150.0,44.2,16.7,61.0,222.0,A
22.0,F,161.4,58.6,28.8,79.0,131.0,26.4,23.3,51.0,180.0,A
22.0,F,162.3,52.9,20.7,86.0,152.0,26.4,22.6,52.0,202.0,A
33.0,F,168.0,77.6,36.9,84.0,131.0,26.8,15.2,29.0,156.0,D
51.0,F,164.0,52.9,20.3,88.0,120.0,33.4,22.8,32.0,165.0,A
29.0,M,174.3,84.12,26.5,94.0,145.0,32.3,-4.4,42.0,156.0,D
41.0,F,160.5,67.9,33.6,71.0,116.0,27.7,20.0,7.0,164.0,D
24.0,M,174.7,72.6,26.0,64.0,122.0,32.5,19.5,40.0,191.0,D
47.0,M,173.7,66.6,16.5,94.0,158.0,38.0,7.7,39.0,207.0,C
60.0,F,160.8,66.1,39.2,70.0,108.0,23.0,11.8,0.0,100.0,D
31.0,M,176.0,86.8,27.5,93.0,159.0,49.2,11.1,49.0,202.0,B
31.0,M,171.9,96.6,38.0,85.0,120.0,28.2,5.4,18.0,188.0,D
27.0,M,180.0,92.6,29.2,91.0,151.0,38.5,3.2,40.0,207.0,D
54.0,F,160.9,58.7,30.8,68.0,103.0,26.3,23.0,23.0,117.0,B
32.0,M,173.4,80.56,23.6,67.0,128.0,42.9,19.3,61.0,228.0,C
52.0,F,155.1,47.3,25.0,80.0,132.0,24.2,12.5,18.0,149.0,C
62.0,F,165.3,65.5,34.7,70.0,127.0,30.6,22.2,24.0,147.0,B
55.0,M,171.8,65.0,17.5,72.0,116.0,36.7,27.8,23.0,203.0,C
24.0,M,174.0,75.5,11.3,75.0,130.0,49.3,22.5,57.0,250.0,B
47.0,F,158.0,58.4,28.7,85.0,123.0,26.5,19.7,16.0,125.0,C
59.0,F,156.4,54.8,28.3,70.0,123.0,20.0,14.7,6.0,108.0,D
24.0,M,170.5,66.7,20.0,72.0,114.0,44.5,9.5,35.0,253.0,D
37.0,M,179.2,89.5,20.2,95.0,145.0,49.4,21.9,45.0,232.0,A
40.0,M,170.8,68.5,23.1,79.0,133.0,28.8,-1.0,43.0,204.0,D
41.0,M,176.9,71.1,26.9,79.0,134.0,42.6,-7.0,32.0,173.0,D
35.0,F,154.5,61.5,37.2,90.0,139.0,27.5,6.4,23.0,116.0,D
59.0,M,173.0,67.4,20.9,86.0,160.0,40.5,14.9,41.0,208.0,A
23.0,F,162.8,53.0,27.4,74.0,107.0,28.8,24.5,28.0,125.0,C
21.0,M,171.2,65.5,20.4,84.0,136.0,43.7,20.4,45.0,224.0,C
24.0,M,171.8,83.3,25.2,79.0,145.0,45.2,-0.6,27.0,213.0,D
34.0,M,177.6,80.8,22.6,97.0,127.0,40.3,9.1,44.0,234.0,C
59.0,F,157.7,61.1,35.7,90.0,141.0,22.7,14.7,0.0,127.0,D
26.0,M,180.8,69.26,13.6,80.0,120.0,44.0,1.5,53.0,249.0,D
55.0,F,158.2,62.1,33.2,74.0,130.0,24.4,17.3,17.0,140.0,B
37.0,F,162.8,56.9,16.5,97.0,134.0,31.0,31.2,67.0,203.0,A
29.0,M,175.1,84.5,15.6,78.0,131.0,51.1,15.0,54.0,234.0,A
28.0,M,175.2,68.8,20.0,92.0,155.0,39.9,23.9,55.0,230.0,B
32.0,F,159.5,57.8,22.9,72.0,125.0,21.6,19.1,45.0,174.0,A
59.0,F,158.6,59.9,32.9,70.0,117.0,27.5,22.6,24.0,135.0,A
46.0,M,175.3,67.5,21.9,87.0,144.0,43.2,17.0,38.0,203.0,B
29.0,M,172.1,82.4,30.7,76.0,124.0,36.0,-16.0,41.0,181.0,D
42.0,F,163.2,64.8,28.7,83.0,122.0,30.2,15.9,29.0,158.0,D
50.0,F,155.2,50.8,35.4,76.0,121.0,17.9,8.9,12.0,107.0,D
32.0,F,160.0,56.78,28.6,87.0,94.0,22.4,19.5,20.0,163.0,C
62.0,F,150.2,47.7,27.4,80.0,146.0,20.9,23.3,38.0,115.0,B
50.0,M,178.2,88.4,23.4,85.0,146.0,54.9,19.3,51.0,0.0,C
60.0,M,170.4,64.5,25.9,79.0,120.0,42.2,18.8,43.0,210.0,A
25.0,F,159.4,55.8,27.0,87.0,128.0,37.3,19.9,54.0,181.0,A
22.0,M,169.2,70.2,17.5,99.0,143.0,43.9,25.6,61.0,254.0,B
37.0,M,173.0,92.5,34.2,86.0,131.0,33.9,17.5,30.0,198.0,D
63.0,F,157.6,58.2,29.2,76.0,121.0,22.9,17.9,27.0,126.0,B
22.0,M,171.4,70.0,23.1,73.0,140.0,39.1,8.9,47.0,212.0,C
28.0,M,172.3,63.8,22.5,73.0,124.0,34.1,-6.2,29.0,180.0,D
61.0,M,165.7,60.3,22.7,99.0,154.0,41.1,11.4,23.0,188.0,C
52.0,M,175.2,65.1,18.2,69.0,113.0,34.7,18.5,40.0,215.0,A
22.0,F,155.3,47.3,23.2,69.0,106.0,24.4,20.4,32.0,185.0,B
44.0,M,185.6,87.1,19.5,99.0,159.0,51.6,14.2,41.0,225.0,B
24.0,M,179.2,80.3,18.2,92.0,145.0,52.7,22.1,44.0,231.0,C
41.0,F,157.2,61.7,37.0,72.0,122.0,17.6,-0.7,17.0,113.0,D
22.0,M,172.1,80.2,23.0,80.0,131.0,49.6,5.9,61.0,168.0,D
28.0,F,167.2,71.1,32.3,72.0,136.0,26.3,20.1,42.0,128.0,D
25.0,M,166.5,61.0,15.7,82.0,119.0,42.5,23.6,53.0,228.0,A
21.0,F,172.9,68.36,34.0,70.0,115.0,21.9,24.0,42.0,178.0,D
22.0,F,163.8,56.2,25.4,78.0,134.0,24.1,23.2,50.0,195.0,A
39.0,F,154.1,48.2,26.9,78.0,133.0,26.6,11.1,25.0,144.0,C
59.0,M,178.2,78.8,23.8,98.0,152.0,37.4,19.9,41.0,182.0,D
64.0,F,156.3,55.5,32.3,67.0,107.0,21.8,22.9,36.0,137.0,A
27.0,M,176.5,70.0,15.1,85.0,139.0,65.3,20.5,51.0,219.0,B
22.0,F,160.1,57.18,33.2,68.0,108.0,21.6,-4.9,38.0,164.0,D
60.0,M,159.0,64.8,26.3,78.0,123.0,40.3,13.9,31.0,185.0,A
37.0,M,172.8,80.8,25.3,79.0,131.0,60.1,14.7,45.0,238.0,A
21.0,F,163.8,85.1,47.9,94.0,149.0,25.8,18.7,0.0,113.0,D
60.0,M,173.2,58.6,21.5,76.0,132.0,36.5,11.2,33.0,151.0,C
23.0,F,159.2,47.7,26.0,91.0,131.0,23.0,28.0,44.0,185.0,C
23.0,F,153.4,52.8,28.6,66.0,119.0,20.6,20.2,31.0,176.0,B
21.0,M,159.4,50.1,14.4,92.0,132.0,38.0,11.0,44.0,216.0,C
25.0,M,175.0,72.6,22.0,88.0,120.0,49.8,21.2,58.0,226.0,B
26.0,M,172.9,71.4,14.4,81.0,143.0,50.3,18.3,58.0,260.0,A
21.0,M,181.7,84.7,24.7,70.0,144.0,41.0,-2.7,46.0,223.0,D
60.0,M,175.1,66.5,17.3,85.0,125.0,40.4,13.9,31.0,211.0,C
53.0,M,173.7,70.0,20.2,97.0,149.0,44.0,21.3,48.0,184.0,A
22.0,F,161.0,57.2,24.0,58.0,117.0,26.8,17.8,30.0,182.0,B
49.0,F,152.3,47.6,30.0,75.0,111.0,18.6,18.1,23.0,165.0,D
22.0,M,177.6,72.5,20.0,77.0,144.0,41.1,13.4,53.0,225.0,C
23.0,F,157.0,56.8,33.6,85.0,120.0,26.4,24.8,48.0,165.0,B
40.0,F,158.1,54.0,24.5,82.0,130.0,25.4,22.7,52.0,168.0,A
27.0,M,167.0,65.3,17.7,60.0,126.0,44.7,8.6,54.0,227.0,C
56.0,F,160.2,62.4,33.3,67.0,103.0,28.8,20.7,15.0,133.0,B
32.0,M,174.7,76.9,19.3,69.0,119.0,54.0,15.5,53.0,225.0,A
44.0,M,170.5,71.6,22.5,71.0,117.0,52.1,11.3,41.0,195.0,C
22.0,M,170.4,64.2,13.3,72.0,116.0,38.3,11.8,55.0,211.0,B
42.0,M,182.3,86.4,21.3,78.0,134.0,56.3,15.3,27.0,190.0,D
30.0,M,176.4,71.6,17.2,83.0,117.0,48.7,16.0,53.0,225.0,B
59.0,F,159.0,62.3,35.0,80.0,120.0,20.0,20.2,23.0,150.0,D
21.0,M,166.5,62.1,17.0,74.0,129.0,42.7,13.7,45.0,227.0,C
22.0,F,157.7,54.5,30.6,85.0,149.0,22.2,19.4,30.0,162.0,B
23.0,M,179.1,68.4,18.9,98.0,139.0,42.9,7.1,46.0,217.0,C
36.0,F,157.8,57.5,32.3,78.0,125.0,30.6,23.0,42.0,160.0,B
61.0,M,168.5,62.1,14.8,74.0,129.0,33.4,17.0,31.0,169.0,A
38.0,F,169.1,64.0,16.6,78.0,132.0,33.6,19.9,46.0,165.0,A
39.0,M,188.1,81.6,16.1,92.0,149.0,46.3,20.4,46.0,242.0,B
21.0,M,165.9,64.0,15.7,88.0,147.0,39.7,17.5,57.0,218.0,B
26.0,M,177.2,70.1,12.2,70.0,120.0,46.3,5.7,51.0,226.0,C
62.0,M,169.1,70.9,22.8,92.0,155.0,42.1,14.6,46.0,204.0,A
53.0,F,152.7,46.9,27.5,68.0,126.0,23.5,18.5,20.0,152.0,B
63.0,F,159.5,60.8,34.6,76.0,146.0,25.8,16.3,14.0,113.0,B
28.0,F,162.9,63.1,27.1,91.0,149.0,34.2,31.0,49.0,176.0,A
55.0,M,174.0,80.9,22.9,81.0,147.0,55.3,16.6,42.0,209.0,A
25.0,F,168.8,62.1,22.5,62.0,115.0,28.8,23.8,41.0,196.0,A
26.0,M,177.4,73.2,13.7,76.0,131.0,43.1,12.4,60.0,237.0,B
23.0,M,171.2,75.0,22.8,87.0,128.0,60.9,24.8,59.0,210.0,B
38.0,F,151.3,46.6,22.3,77.0,113.0,30.3,19.3,38.0,160.0,C
37.0,F,164.8,72.7,31.4,52.0,101.0,32.2,25.0,38.0,155.0,A
33.0,M,176.5,84.2,17.2,79.0,132.0,51.9,25.2,47.0,250.0,A
37.0,M,179.8,76.1,14.2,80.0,155.0,54.2,19.1,58.0,229.0,A
27.0,F,158.9,47.3,18.1,75.0,130.0,30.8,22.8,55.0,198.0,A
51.0,M,175.5,66.0,13.2,68.0,118.0,47.4,17.1,44.0,216.0,A
42.0,M,171.5,91.0,30.3,97.0,132.0,42.8,3.2,27.0,203.0,D
24.0,M,172.2,62.6,13.8,70.0,126.0,41.6,8.7,43.0,213.0,C
39.0,F,164.0,67.0,30.2,84.0,120.0,27.8,20.0,33.0,160.0,B
43.0,F,153.2,51.7,27.2,62.0,113.0,26.7,15.6,31.0,160.0,B
21.0,M,163.3,70.4,34.1,91.0,152.0,31.5,19.0,50.0,219.0,D
26.0,F,160.7,56.6,19.3,75.0,120.0,24.2,23.8,59.0,173.0,A
26.0,M,179.9,82.5,18.4,93.0,133.0,46.4,22.7,31.0,248.0,D
29.0,M,179.5,89.0,24.2,84.0,141.0,46.7,21.0,43.0,255.0,D
24.0,F,162.9,49.6,17.0,73.0,116.0,22.6,28.8,42.0,162.0,A
37.0,M,165.4,64.9,20.3,89.0,129.0,41.8,19.1,54.0,246.0,A
32.0,M,182.5,84.7,24.5,83.0,117.0,43.2,4.3,46.0,188.0,D
22.0,F,163.4,56.8,29.9,69.0,128.0,24.6,28.3,41.0,164.0,A
28.0,F,162.0,62.6,30.7,71.0,126.0,31.3,23.4,37.0,192.0,A
39.0,M,178.0,70.9,18.2,78.0,118.0,40.4,7.4,44.0,224.0,C
21.0,M,174.4,73.1,20.2,68.0,113.0,38.9,16.2,54.0,245.0,D
57.0,F,158.5,64.8,34.1,79.0,130.0,28.5,21.0,23.0,135.0,B
31.0,M,169.4,78.4,38.1,80.0,129.0,37.7,14.3,38.0,151.0,D
32.0,M,174.1,74.4,17.2,97.0,153.0,52.5,-7.2,48.0,214.0,D
45.0,M,177.6,89.2,27.2,70.0,125.0,46.8,15.8,49.0,225.0,D
28.0,F,163.0,60.9,30.0,53.0,112.0,32.8,27.1,44.0,188.0,A
27.0,M,169.5,56.52,16.6,88.0,127.0,35.3,-0.3,38.0,202.0,D
41.0,F,161.0,60.5,29.6,61.0,116.0,25.7,21.4,32.0,131.0,C
24.0,M,171.3,60.6,17.6,61.0,120.0,31.9,-7.7,33.0,220.0,D
29.0,M,184.6,82.6,23.3,77.0,132.0,34.0,-8.1,36.0,196.0,D
57.0,M,171.9,78.1,24.7,79.0,138.0,43.6,15.2,40.0,185.0,A
43.0,M,174.0,73.1,17.9,74.0,139.0,38.1,14.7,33.0,213.0,C
30.0,M,174.0,78.0,15.8,79.0,133.0,41.3,10.3,58.0,217.0,B
62.0,F,166.0,59.4,29.4,90.0,130.0,25.4,15.2,20.0,101.0,C
50.0,M,156.7,56.1,20.0,99.0,156.0,37.1,21.2,55.0,208.0,A
64.0,M,164.5,62.9,21.0,92.0,136.0,43.0,6.5,30.0,154.0,C
27.0,M,181.1,81.9,13.7,50.0,111.0,45.9,20.6,51.0,221.0,B
25.0,M,171.7,73.5,16.9,81.0,130.0,38.8,24.0,47.0,240.0,B
42.0,M,172.9,68.0,21.6,84.0,127.0,39.9,10.4,33.0,200.0,C
29.0,M,178.2,83.1,17.6,72.0,120.0,46.4,15.0,57.0,188.0,C
22.0,M,167.7,71.1,26.0,66.0,128.0,39.7,5.6,44.0,200.0,D
23.0,F,173.2,66.7,22.2,66.0,106.0,31.4,34.7,47.0,180.0,A
61.0,F,153.0,64.6,31.4,77.0,152.0,14.0,20.6,0.0,0.0,D
24.0,M,181.1,97.0,26.0,82.0,122.0,53.5,17.5,58.0,231.0,A
57.0,M,171.0,78.1,29.1,98.0,152.0,36.2,10.5,17.0,163.0,D
61.0,M,169.8,73.7,26.9,73.0,140.0,39.5,4.2,24.0,177.0,D
29.0,M,169.0,73.5,28.7,61.0,115.0,47.7,18.8,41.0,204.0,D
25.0,M,174.7,98.3,32.0,74.0,124.0,52.3,11.0,55.0,160.0,D
37.0,F,175.5,61.0,26.4,82.0,133.0,25.1,27.5,20.0,185.0,C
39.0,M,180.5,77.1,12.8,84.0,144.0,47.8,16.2,49.0,219.0,A
37.0,M,176.5,77.9,20.6,95.0,154.0,52.1,18.3,45.0,237.0,A
22.0,F,165.8,56.2,31.1,80.0,127.0,21.8,17.9,27.0,109.0,C
22.0,F,167.0,68.8,26.6,62.0,106.0,31.4,23.8,40.0,171.0,A
42.0,M,179.1,98.1,24.8,89.0,149.0,41.1,18.4,29.0,213.0,D
23.0,M,174.6,75.6,13.6,83.0,145.0,43.2,30.1,60.0,261.0,B
27.0,F,159.4,55.0,20.2,78.0,124.0,31.8,19.5,57.0,189.0,A
42.0,M,173.7,72.4,27.1,81.0,135.0,40.9,8.3,47.0,217.0,C
22.0,M,176.5,69.88,17.0,79.0,159.0,43.2,16.9,50.0,220.0,B
21.0,M,164.5,64.7,25.6,65.0,100.0,32.5,13.5,30.0,176.0,D
27.0,M,171.0,71.5,23.0,62.0,122.0,48.0,-0.1,40.0,206.0,D
22.0,M,175.7,67.1,15.0,64.0,115.0,44.6,14.3,64.0,257.0,B
30.0,M,178.2,92.6,24.8,66.0,121.0,49.0,20.0,47.0,197.0,B
23.0,M,169.1,67.5,14.4,81.0,134.0,38.7,29.7,62.0,232.0,B
22.0,M,183.0,76.5,9.1,88.0,125.0,45.3,16.0,59.0,217.0,B
58.0,M,168.6,75.6,27.4,74.0,120.0,40.0,12.1,39.0,181.0,B
34.0,M,179.4,86.4,17.90698,82.0,152.0,55.7,14.4,68.0,227.0,A
53.0,M,171.8,65.98,17.6,64.0,111.0,41.4,15.6,29.0,195.0,C
37.0,M,178.2,70.0,15.8,94.0,157.0,36.2,19.1,45.0,219.0,A
39.0,F,152.3,57.6,34.6,82.0,126.0,25.4,6.3,12.0,150.0,D
43.0,M,179.0,86.7,29.9,82.0,134.0,51.9,-10.4,49.0,172.0,D
30.0,M,160.6,53.3,17.4,79.0,123.0,41.9,14.3,71.0,241.0,A
22.0,M,163.9,69.4,17.0,82.0,149.0,50.3,17.4,66.0,222.0,B
34.0,M,173.3,74.0,20.4,91.0,149.0,50.6,24.4,40.0,229.0,C
22.0,F,169.3,53.4,23.8,79.0,128.0,28.2,22.5,47.0,168.0,B
21.0,M,183.2,76.4,10.4,57.0,107.0,50.4,17.7,57.0,260.0,A
42.0,F,169.5,55.56,27.3,65.0,112.0,22.8,8.1,23.0,142.0,D
28.0,M,173.2,72.6,15.3,88.0,139.0,39.2,15.7,55.0,233.0,B
23.0,M,172.0,75.5,22.1,80.0,158.0,36.2,15.7,56.0,220.0,C
21.0,F,160.7,56.6,29.2,71.0,110.0,25.6,30.1,32.0,157.0,B
23.0,M,173.0,68.7,10.2,61.0,121.0,34.8,23.2,50.0,266.0,B
58.0,M,175.1,85.64,28.8,100.0,157.0,41.5,2.5,29.0,187.0,D
26.0,M,178.5,79.5,15.3,98.0,147.0,46.9,19.0,60.0,245.0,B
24.0,F,164.7,56.2,21.2,75.0,119.0,35.3,17.9,51.0,196.0,B
23.0,M,172.1,75.96,20.8,70.0,119.0,39.8,16.1,50.0,231.0,C
21.0,M,168.0,56.2,19.4,88.0,141.0,32.6,6.6,42.0,199.0,C
46.0,M,177.8,89.4,23.7,92.0,138.0,43.5,0.8,22.0,211.0,D
59.0,M,169.5,68.8,23.3,70.0,115.0,33.3,7.4,30.0,155.0,C
24.0,M,171.6,66.8,14.2,87.0,143.0,54.1,11.8,58.0,216.0,B
21.0,F,168.9,56.3,25.9,68.0,103.0,26.1,20.1,33.0,114.0,B
23.0,M,178.6,83.9,17.9,76.0,123.0,48.5,16.6,43.0,243.0,C
35.0,M,177.8,75.7,16.2,81.0,128.0,48.1,19.1,47.0,244.0,A
56.0,F,152.1,55.7,34.8,75.0,142.0,27.4,24.0,23.0,166.0,A
51.0,F,154.2,61.6,32.3,71.0,127.0,25.1,14.1,8.0,130.0,D
21.0,M,177.7,70.7,22.2,86.0,142.0,45.0,25.0,55.0,230.0,A
33.0,M,184.3,83.3,16.2,92.0,144.0,41.0,15.7,47.0,246.0,C
27.0,F,169.8,64.4,24.4,72.0,112.0,30.1,22.3,19.0,141.0,D
22.0,M,166.6,59.1,15.4,72.0,128.0,39.1,15.6,65.0,245.1,B
51.0,M,172.6,70.74,15.1,77.0,138.0,26.8,18.1,54.0,216.0,B
37.0,F,167.2,57.6,21.1,77.0,121.0,28.1,26.0,21.0,170.0,C
24.0,F,160.2,57.88,24.5,75.0,124.0,31.2,23.6,48.0,145.0,A
36.0,M,178.6,98.3,31.7,79.0,129.0,52.4,17.0,43.0,209.0,B
25.0,M,171.2,65.1,11.8,67.0,127.0,45.1,22.2,54.0,239.0,A
23.0,M,171.2,67.4,15.2,81.0,134.0,47.8,7.6,42.0,239.0,C
23.0,M,174.2,68.2,19.4,83.0,141.0,41.9,15.3,48.0,213.0,C
27.0,F,162.2,48.3,14.1,56.0,110.0,17.7,15.2,25.0,172.0,C
35.0,M,171.5,76.2,18.9,79.0,127.0,42.3,18.4,55.0,214.0,C
23.0,M,167.7,66.6,18.1,69.0,138.0,42.7,15.7,57.0,218.0,B
23.0,M,172.9,76.7,16.5,88.0,144.0,51.3,20.1,61.0,234.0,A
32.0,M,177.5,74.7,12.7,69.0,131.0,42.1,17.0,53.0,250.0,B
50.0,M,183.6,83.9,21.0,92.0,151.0,59.4,21.5,46.0,227.0,A
55.0,F,153.3,46.8,26.3,92.0,155.0,29.3,26.1,28.0,146.0,A
39.0,M,177.7,68.6,19.1,87.0,147.0,40.4,2.8,44.0,240.0,D
25.0,M,190.2,76.0,12.0,79.0,123.0,42.0,12.8,60.0,242.0,B
60.0,M,174.5,71.2,16.6,72.0,129.0,34.1,2.0,32.0,135.0,D
28.0,F,164.8,61.3,26.2,78.0,112.0,29.1,15.8,47.0,203.0,B
51.0,F,166.0,47.0,20.1,70.0,130.0,22.5,27.2,26.0,162.0,A
28.0,F,164.0,56.3,25.1,73.0,123.0,28.3,23.7,41.0,139.0,A
49.0,F,154.1,50.7,26.7,90.0,121.0,24.2,20.5,34.0,151.0,A
35.0,M,175.7,82.9,23.8,95.0,147.0,50.9,4.8,33.0,232.0,C
45.0,M,170.3,72.54,20.9,77.0,126.0,43.0,14.5,42.0,209.0,B
24.0,F,164.8,51.5,20.4,72.0,117.0,26.6,17.3,45.0,174.0,B
29.0,F,163.2,56.0,24.7,77.0,127.0,27.9,23.2,35.0,142.0,B
56.0,M,166.3,69.9,24.6,93.0,155.0,38.8,12.9,32.0,204.0,C
22.0,M,165.5,75.7,30.5,88.0,143.0,34.2,0.6,33.0,169.0,D
58.0,M,171.4,69.9,27.2,89.0,140.0,30.4,10.9,25.0,165.0,D
39.0,M,175.7,72.2,23.2,84.0,127.0,42.2,14.9,51.0,235.0,D
48.0,M,168.2,71.9,23.3,90.0,160.0,50.9,25.0,32.0,217.0,C
54.0,F,150.2,48.3,37.1,90.0,145.0,18.3,2.8,1.0,85.0,D
28.0,M,167.0,62.1,14.0,64.0,108.0,39.4,11.3,48.0,229.0,B
49.0,F,156.1,50.6,16.3,95.0,147.0,27.6,23.7,37.0,152.0,A
53.0,M,169.7,73.9,32.7,89.0,130.0,36.0,-2.0,15.0,165.0,D
27.0,F,164.1,48.9,27.6,74.0,123.0,22.7,20.8,41.0,163.0,B
42.0,M,175.0,78.6,25.9,93.0,157.0,43.4,24.4,47.0,211.0,B
51.0,M,164.0,83.9,33.9,87.0,148.0,40.4,5.7,32.0,196.0,D
31.0,M,187.0,92.5,19.8,79.0,138.0,70.4,-6.0,61.0,245.0,D
30.0,M,173.4,83.6,27.2,85.0,147.0,45.8,18.7,41.0,226.0,B
23.0,M,178.0,69.9,14.4,59.0,109.0,33.8,12.5,58.0,245.0,B
23.0,F,153.2,53.4,34.0,99.0,135.0,24.3,26.3,43.0,187.0,B
47.0,M,177.7,87.7,28.5,82.0,129.0,40.4,12.2,44.0,204.0,D
25.0,M,181.7,88.7,22.3,89.0,149.0,44.3,14.7,53.0,223.0,D
46.0,M,169.2,69.9,23.6,98.0,153.0,30.0,12.0,40.0,192.0,C
43.0,M,173.6,74.0,25.2,89.0,128.0,43.0,-1.5,26.0,157.0,D
24.0,F,160.5,54.0,30.2,60.0,102.0,23.4,23.9,32.0,171.0,D
58.0,F,156.4,59.5,30.2,80.0,140.0,32.3,21.3,20.0,153.0,A
22.0,M,180.3,73.6,27.0,83.0,123.0,37.7,-2.0,41.0,163.0,D
24.0,F,160.5,41.7,24.7,83.0,113.0,21.4,3.8,21.0,152.0,D
45.0,M,174.5,87.7,31.9,99.0,146.0,48.9,3.3,35.0,182.0,D
37.0,F,163.3,53.9,37.0,77.0,117.0,18.0,3.9,2.0,103.0,D
56.0,F,150.6,49.0,32.5,66.0,113.0,21.5,21.4,18.0,152.0,B
60.0,F,160.1,63.9,32.0,71.0,131.0,23.0,13.8,12.0,106.0,C
38.0,M,172.3,71.6,15.5,65.0,111.0,47.4,6.2,47.0,230.0,C
43.0,F,161.3,61.2,24.1,70.0,117.0,28.6,15.4,52.0,196.0,C
42.0,F,163.3,53.7,33.0,58.0,114.0,21.4,4.1,6.0,133.0,D
58.0,M,168.1,69.0,21.5,98.0,150.0,42.2,19.6,40.0,183.0,A
28.0,M,175.0,64.8,17.9,78.0,136.0,45.9,21.7,60.0,211.0,A
25.0,M,182.5,71.1,15.6,77.0,119.0,51.2,18.6,42.0,224.0,C
60.0,M,170.8,71.1,13.5,94.0,152.0,42.8,13.3,50.0,182.0,A
24.0,M,172.2,72.7,18.4,85.0,139.0,56.6,24.5,55.0,254.0,A
22.0,F,167.9,67.7,34.7,73.0,122.0,27.3,27.5,58.0,181.0,A
22.0,M,180.4,76.4,11.7,62.0,113.0,44.3,13.3,42.0,243.0,C
22.0,M,180.6,80.0,25.2,70.0,142.0,35.6,20.4,49.0,221.0,C
21.0,M,170.8,66.28,17.1,78.0,121.0,42.7,15.7,55.0,232.0,B
22.0,F,157.8,57.9,30.7,72.0,118.0,28.0,25.6,47.0,203.0,A
30.0,F,168.3,58.0,22.9,58.0,106.0,30.9,18.2,52.0,190.0,A
60.0,M,157.1,47.0,15.7,86.0,141.0,31.1,15.8,36.0,173.0,B
52.0,F,170.6,67.9,25.7,86.0,142.0,25.5,24.7,45.0,167.0,B
30.0,M,185.8,90.5,20.8,75.0,152.0,64.1,16.2,54.0,232.0,B
25.0,M,173.9,78.0,19.4,82.0,143.0,51.8,15.9,55.0,231.0,A
53.0,M,185.6,92.1,22.8,86.0,135.0,50.7,11.3,39.0,210.0,C
55.0,F,158.5,51.8,23.9,76.0,107.0,25.0,28.0,32.0,150.0,A
25.0,M,171.4,69.0,18.3,99.0,130.0,40.0,10.9,50.0,239.0,B
22.0,M,170.0,64.6,12.9,65.0,106.0,46.4,1.7,44.0,194.0,D
24.0,F,159.3,68.9,39.1,63.0,127.0,24.5,19.3,30.0,168.0,B
39.0,M,172.7,78.2,23.2,93.0,148.0,42.8,12.4,33.0,219.0,C
31.0,F,167.8,58.5,26.5,78.0,117.0,25.4,16.0,34.0,192.0,B
45.0,F,157.9,54.5,24.7,66.0,98.0,29.9,23.3,28.0,151.0,C
25.0,F,158.8,43.2,29.1,80.0,120.0,18.2,18.6,25.0,132.0,C
64.0,F,158.6,60.2,33.7,67.0,131.0,24.0,17.2,6.0,138.0,D
31.0,F,163.6,60.2,29.4,62.0,109.0,29.3,18.5,42.0,174.0,A
57.0,M,177.0,73.2,21.3,64.0,101.0,40.0,16.6,30.0,203.0,B
24.0,M,173.0,65.3,9.5,64.0,103.0,46.7,24.2,58.0,254.0,A
25.0,M,171.4,71.4,24.4,64.0,118.0,40.1,16.5,59.0,205.0,A
53.0,M,165.8,66.5,23.3,79.0,143.0,41.5,15.6,31.0,200.0,C
40.0,M,173.0,84.2,35.3,96.0,146.0,44.5,9.7,19.0,178.0,D
27.0,M,168.6,67.2,23.7,77.0,123.0,45.0,11.6,41.0,223.0,C
36.0,F,164.8,66.4,35.0,77.0,118.0,26.3,9.9,16.0,137.0,D
48.0,M,184.4,86.1,19.8,84.0,138.0,42.7,13.5,48.0,223.0,B
53.0,M,168.6,66.0,18.4,89.0,150.0,34.2,10.5,28.0,181.0,C
46.0,F,165.5,58.0,10.21084,91.0,157.0,29.1,27.6,54.0,181.0,A
40.0,M,167.8,69.8,23.2,64.0,136.0,45.4,26.6,56.0,210.0,A
25.0,M,176.6,70.8,8.8,74.0,121.0,36.3,17.0,55.0,248.0,C
31.0,M,176.0,69.1,16.1,92.0,129.0,53.3,14.9,56.0,237.0,B
24.0,F,164.9,55.4,20.3,69.0,117.0,28.3,24.6,47.0,168.0,A
22.0,M,174.2,81.4,26.2,88.0,154.0,44.4,22.0,51.0,220.0,D
60.0,F,152.4,45.3,20.1,83.0,147.0,25.3,25.2,42.0,139.0,B
24.0,M,174.3,67.6,7.2,84.0,143.0,60.3,26.8,61.0,270.0,A
31.0,M,179.7,81.7,16.6,86.0,135.0,42.5,18.0,47.0,211.0,B
31.0,M,172.4,61.8,17.0,81.0,123.0,38.4,15.4,36.0,236.0,C
25.0,F,173.0,66.2,27.3,73.0,110.0,35.4,26.3,43.0,183.0,A
39.0,M,178.2,73.9,12.0,85.0,135.0,48.3,32.8,40.0,219.0,B
24.0,M,185.2,95.0,22.9,77.0,146.0,57.9,16.2,0.0,242.0,D
21.0,M,173.7,71.6,16.0,64.0,106.0,52.2,18.6,57.0,258.0,A
44.0,F,161.2,54.4,22.4,74.0,150.0,27.0,18.9,42.0,159.0,C
34.0,M,174.5,70.7,17.9,90.0,159.0,50.1,15.7,54.0,233.0,C
34.0,F,157.5,46.1,23.3,69.0,112.0,22.7,6.7,43.0,173.0,D
24.0,M,171.0,75.6,25.5,92.0,145.0,36.8,-11.4,36.0,190.0,D
32.0,M,171.4,57.4,13.6,62.0,115.0,39.0,1.0,46.0,189.0,D
64.0,F,155.0,50.0,26.3,62.0,104.0,21.9,20.3,20.0,142.0,A
25.0,F,166.4,58.04,27.4,55.0,107.0,31.6,20.1,42.0,175.0,A
53.0,F,139.8,64.72,42.9,80.0,139.0,23.6,7.8,7.0,125.0,D
56.0,F,151.5,54.2,26.7,63.0,124.0,21.7,24.5,15.0,153.0,B
22.0,F,158.5,53.0,26.0,79.0,129.0,25.9,21.7,34.0,172.0,B
46.0,M,168.1,72.5,30.3,79.0,131.0,29.0,-14.3,10.0,165.0,D
49.0,F,160.8,72.42,36.1,82.0,146.0,27.5,17.4,18.0,120.0,D
57.0,M,169.9,69.5,18.3,88.0,144.0,48.6,11.1,26.0,164.0,C
39.0,M,175.0,81.5,22.3,88.0,137.0,37.3,2.0,33.0,214.0,D
27.0,F,168.1,72.7,33.7,84.0,145.0,28.5,8.1,25.0,121.0,D
30.0,F,170.3,61.2,17.6,61.0,113.0,36.2,24.1,50.0,181.0,A
38.0,M,174.3,74.3,14.0,86.0,146.0,63.9,19.0,57.0,260.0,A
23.0,M,179.0,78.6,17.5,60.0,139.0,38.8,16.5,64.0,263.0,C
26.0,F,165.1,56.2,29.1,73.0,112.0,24.3,13.9,34.0,164.0,B
36.0,M,172.4,68.5,12.0,73.0,128.0,50.2,22.4,55.0,220.0,A
25.0,M,167.8,60.0,14.6,70.0,123.0,43.9,18.8,55.0,232.0,A
25.0,M,165.0,57.9,19.0,95.0,136.0,37.7,9.5,39.0,207.0,C
24.0,F,165.6,53.3,21.6,69.0,113.0,25.8,26.5,40.0,185.0,A
28.0,M,177.0,82.9,32.1,87.0,145.0,53.1,17.6,51.0,228.0,A
31.0,F,169.6,51.3,19.4,80.0,126.0,29.1,14.2,29.0,176.0,B
33.0,M,176.9,71.2,11.1,89.0,119.0,41.9,24.2,60.0,237.0,A
55.0,M,168.4,71.3,27.8,89.0,146.0,37.8,19.1,32.0,189.0,D
29.0,M,166.8,67.2,23.7,59.0,116.0,53.1,23.5,63.0,223.0,A
29.0,M,170.0,76.64,22.2,93.0,137.0,43.7,13.1,45.0,202.0,B
21.0,F,165.3,58.9,25.3,76.0,135.0,21.6,24.8,46.0,200.0,B
51.0,M,181.2,85.2,25.4,79.0,136.0,47.3,-1.0,28.0,157.0,D
43.0,M,171.3,65.76,22.9,73.0,115.0,31.7,13.4,50.0,198.0,C
28.0,M,176.2,70.0,23.6,83.0,123.0,30.3,2.5,39.0,201.0,D
34.0,M,176.0,70.4,23.1,83.0,127.0,47.1,16.8,43.0,226.0,B
64.0,F,153.3,66.3,38.5,83.0,151.0,28.1,21.3,29.0,118.0,A
21.0,F,165.9,71.0,33.0,76.0,131.0,27.5,25.1,34.0,180.0,B
26.0,M,163.0,74.4,19.1,85.0,146.0,53.6,12.1,64.0,245.0,B
23.0,M,172.5,72.8,17.3,60.0,119.0,37.0,14.1,55.0,198.0,C
54.0,M,172.0,69.2,18.9,93.0,143.0,36.7,19.5,43.0,183.0,C
44.0,F,165.5,56.5,18.59,78.0,131.0,26.8,22.7,39.0,169.0,A
64.0,M,166.5,60.92,21.7,82.0,138.0,30.9,4.9,13.0,143.0,D
32.0,F,154.4,55.8,32.2,90.0,135.0,26.1,23.2,35.0,163.0,C
63.0,M,165.1,66.3,22.6,87.0,135.0,38.8,18.8,34.0,151.0,A
63.0,M,158.6,64.9,27.73,90.0,157.0,34.4,8.8,25.0,149.0,B
22.0,M,185.4,91.5,19.4,85.0,138.0,52.9,-6.5,52.0,239.0,D
28.0,M,171.7,80.2,18.7,77.0,122.0,50.7,19.0,58.0,241.0,B
51.0,M,173.8,64.6,15.8,82.0,135.0,31.4,12.8,53.0,220.0,B
43.0,M,170.0,69.3,16.9,77.0,123.0,43.0,19.0,30.0,205.0,D
21.0,F,164.7,55.3,28.0,80.0,126.0,20.7,22.0,44.0,179.0,B
22.0,F,152.3,48.2,25.9,76.0,122.0,18.8,1.6,31.0,174.0,D
21.0,M,177.9,84.3,21.6,71.0,124.0,49.4,15.8,38.0,231.0,D
24.0,M,171.0,69.0,15.5,89.0,159.0,50.0,26.2,63.0,235.0,A
35.0,M,166.7,71.2,21.4,87.0,136.0,39.9,20.7,47.0,225.0,A
26.0,F,163.5,50.3,28.7,75.0,107.0,16.7,3.7,25.0,147.0,D
36.0,M,165.3,77.1,21.1,87.0,144.0,50.0,26.1,58.0,249.0,A
24.0,M,174.8,72.9,19.6,73.0,129.0,32.0,6.8,43.0,216.0,C
55.0,F,158.4,58.1,33.1,64.0,118.0,26.4,21.2,17.0,138.0,B
62.0,F,164.0,59.0,33.4,66.0,119.0,24.8,26.8,26.0,132.0,A
32.0,F,162.3,50.8,19.5,58.0,101.0,28.9,18.8,52.0,163.0,A
58.0,M,172.7,70.56,20.8,61.0,157.0,42.9,23.3,40.0,186.0,A
26.0,M,179.9,71.5,9.7,64.0,135.0,59.6,17.8,61.0,239.0,A
28.0,M,173.7,70.74,17.4,81.0,131.0,42.9,18.7,67.0,261.0,A
29.0,M,191.3,85.2,10.0,70.0,146.0,49.3,26.3,59.0,222.0,B
44.0,F,158.6,44.9,23.9,65.0,114.0,20.2,22.1,33.0,156.0,B
41.0,M,178.0,67.9,15.0,55.0,97.0,41.3,10.0,45.0,200.0,B
25.0,M,174.0,70.2,14.6,83.0,126.0,49.6,22.0,69.0,267.0,A
27.0,F,167.0,55.6,24.1,70.0,105.0,28.4,26.4,43.0,173.0,A
21.0,M,171.3,83.9,29.6,99.0,168.0,44.6,-7.3,45.0,161.0,D
38.0,F,168.0,74.0,24.4,96.0,110.0,31.2,17.4,40.0,178.0,C
63.0,M,171.3,65.6,23.2,57.0,122.0,41.0,5.4,26.0,172.0,C
43.0,M,168.0,68.4,29.6,77.0,108.0,45.4,21.6,34.0,225.0,D
23.0,F,163.9,52.4,23.8,73.0,117.0,27.5,29.0,44.0,125.0,C
52.0,F,150.8,68.8,43.2,82.0,149.0,25.6,21.3,23.0,145.0,D
28.0,F,158.0,51.9,26.3,90.0,135.0,24.1,30.9,70.0,191.0,A
52.0,M,167.9,69.7,22.5,99.0,158.0,42.9,18.0,60.0,206.0,A
32.0,M,168.0,69.8,21.9,88.0,127.0,50.9,26.3,68.0,248.0,A
37.0,M,179.5,76.7,19.3,94.0,122.0,53.0,12.5,47.0,236.0,B
27.0,F,162.7,58.9,27.7,70.0,142.0,31.8,19.9,59.0,182.0,B
26.0,M,184.3,79.8,15.6,81.0,157.0,49.2,12.5,55.0,224.0,B
60.0,F,157.6,57.2,34.4,80.0,126.0,23.2,17.4,17.0,110.0,C
21.0,M,174.5,82.14,21.2,80.0,120.0,58.2,18.8,55.0,212.0,C
52.0,M,167.3,95.6,33.4,83.0,123.0,53.1,8.2,36.0,156.0,D
56.0,M,177.0,76.1,20.9,87.0,128.0,43.2,19.0,43.0,225.0,A
24.0,M,171.1,68.1,18.5,76.0,125.0,49.5,15.1,53.0,232.0,B
21.0,M,180.8,87.2,19.1,86.0,145.0,36.4,18.4,61.0,241.0,C
25.0,M,176.5,80.6,17.2,83.0,128.0,47.5,26.0,53.0,231.0,B
51.0,M,168.1,75.4,24.0,86.0,146.0,44.4,10.1,45.0,199.0,B
22.0,M,185.8,94.1,22.7,96.0,149.0,50.4,9.4,50.0,190.0,C
31.0,M,172.9,69.6,16.8,69.0,110.0,44.0,15.5,48.0,233.0,B
41.0,M,167.9,71.8,13.1,65.0,113.0,51.7,13.4,47.0,225.0,B
33.0,M,176.6,76.3,11.7,81.0,136.0,59.1,15.7,54.0,253.0,D
52.0,M,174.4,72.5,23.0,84.0,149.0,51.1,-1.2,47.0,168.0,D
29.0,M,174.6,69.4,21.9,83.0,141.0,36.0,15.1,44.0,220.0,C
21.0,M,174.9,70.3,20.6,61.0,105.0,45.8,8.0,45.0,210.0,C
60.0,F,150.7,60.6,34.2,60.0,108.0,16.5,12.4,10.0,103.0,D
60.0,M,165.5,74.2,35.2,95.0,158.0,31.9,7.4,27.0,146.0,B
24.0,M,165.7,55.8,24.0,90.0,118.0,36.1,-9.1,4.0,172.0,D
62.0,F,161.9,61.6,31.4,82.0,132.0,24.4,20.5,15.0,98.0,D
42.0,F,157.0,76.8,41.2,96.0,136.0,26.1,12.1,14.0,113.0,D
21.0,F,158.4,46.4,29.3,88.0,150.0,23.6,23.0,41.0,154.0,C
28.0,M,173.9,64.7,15.1,79.0,123.0,41.0,5.4,41.0,237.0,C
23.0,F,161.4,53.52,23.5,79.0,109.0,32.0,22.3,52.0,182.0,A
51.0,M,170.0,63.8,18.1,83.0,146.0,29.1,16.0,38.0,215.0,B
41.0,M,179.0,85.5,24.3,89.0,136.0,50.3,6.5,39.0,255.0,C
30.0,M,173.0,74.12,23.7,79.0,138.0,43.1,5.9,45.0,200.0,C
32.0,M,173.5,85.3,30.3,86.0,133.0,49.1,13.0,41.0,198.0,B
61.0,F,162.0,58.1,31.6,68.0,110.0,23.8,0.1,0.0,102.0,D
49.0,M,166.7,65.7,13.4,71.0,125.0,39.8,18.3,52.0,204.0,A
36.0,M,173.9,89.2,25.8,77.0,120.0,51.2,16.0,40.0,206.0,D
29.0,M,180.1,83.8,18.2,85.0,138.0,51.9,12.2,55.0,222.0,C
35.0,M,172.2,66.2,8.1,65.0,135.0,41.3,23.2,55.0,246.0,C
22.0,F,161.8,58.0,28.3,72.0,133.0,30.1,26.6,44.0,198.0,A
56.0,F,167.0,69.2,30.9,68.0,113.0,27.8,20.5,22.0,143.0,B
31.0,M,168.1,63.4,17.6,70.0,130.0,39.4,23.4,49.0,185.0,B
21.0,M,179.0,66.4,15.1,66.0,111.0,46.8,13.0,50.0,203.0,B
64.0,F,162.1,55.5,34.5,68.0,136.0,12.6,-4.0,0.0,60.0,D
43.0,M,168.3,83.1,27.7,97.0,153.0,41.4,-5.1,22.0,183.0,D
33.0,M,178.6,74.5,13.5,85.0,151.0,52.7,14.2,34.0,225.0,D
31.0,M,169.1,67.4,22.3,84.0,138.0,48.4,12.2,46.0,222.0,B
21.0,M,157.5,45.5,11.2,80.0,133.0,31.1,4.6,41.0,216.0,D
29.0,F,171.0,59.5,21.5,65.0,109.0,26.5,16.7,44.0,171.0,C
30.0,M,181.0,91.6,21.3,76.0,130.0,58.9,15.4,48.0,227.0,B
57.0,M,169.2,73.5,21.7,77.0,128.0,49.5,14.8,39.0,206.0,A
57.0,M,178.1,84.5,22.6,102.0,193.0,47.8,20.4,40.0,221.0,B
26.0,M,175.6,77.08,14.3,68.0,136.0,61.5,18.2,54.0,234.0,A
31.0,M,179.6,76.9,17.1,88.0,152.0,52.7,23.2,54.0,235.0,A
37.0,M,173.6,75.2,18.1,75.0,118.0,48.1,17.8,53.0,215.0,A
21.0,F,159.5,56.3,37.3,62.0,103.0,21.9,17.0,24.0,115.0,C
34.0,F,155.8,44.5,21.2,74.0,115.0,23.6,21.3,35.0,162.0,A
59.0,F,154.3,76.1,48.0,66.0,118.0,17.2,4.6,18.0,91.0,D
61.0,F,165.9,65.8,28.4,78.0,140.0,24.3,4.4,11.0,112.0,D
21.0,F,164.3,52.1,20.8,62.0,108.0,25.7,25.0,44.0,182.0,A
31.0,M,178.0,84.66,18.9,75.0,129.0,59.2,15.1,47.0,196.0,A
34.0,M,176.9,78.54,26.8,76.0,116.0,43.7,14.8,47.0,221.0,D
63.0,F,153.4,47.3,26.0,101.0,171.0,21.0,11.9,16.0,111.0,C
24.0,M,171.6,69.0,20.5,66.0,117.0,50.4,7.3,53.0,192.0,C
23.0,M,176.0,83.9,22.0,77.0,133.0,37.4,22.7,61.0,230.0,B
45.0,M,172.8,69.48,20.9,80.0,120.0,41.7,4.0,46.0,224.0,D
31.0,M,166.6,55.5,15.5,68.0,136.0,37.1,17.6,58.0,232.0,A
22.0,M,174.0,60.4,13.9,62.0,118.0,41.0,20.5,51.0,247.0,B
31.0,F,168.9,64.6,23.3,72.0,126.0,36.8,29.3,34.0,200.0,A
26.0,M,176.0,72.4,17.4,73.0,129.0,49.0,19.6,75.0,242.0,A
33.0,F,166.6,59.92,26.1,75.0,116.0,22.3,28.2,38.0,179.0,C
61.0,M,168.6,78.3,29.3,86.0,148.0,50.9,14.9,27.0,161.0,B
25.0,M,179.6,82.88,16.1,73.0,126.0,51.1,10.8,51.0,232.0,B
43.0,M,175.0,77.8,27.5,97.0,140.0,43.4,16.0,49.0,220.0,B
23.0,F,163.9,50.9,28.3,67.0,132.0,29.5,18.7,47.0,192.0,B
24.0,F,163.7,53.4,27.5,83.0,122.0,25.7,12.1,37.0,181.0,C
32.0,M,177.8,90.7,21.0,78.0,155.0,39.7,12.9,44.0,225.0,C
43.0,M,169.6,79.1,25.3,79.0,117.0,48.6,15.6,51.0,193.0,B
30.0,M,166.0,61.5,15.0,84.0,142.0,41.7,23.4,60.0,227.0,A
61.0,M,167.8,64.2,17.2,79.0,124.0,43.0,21.4,35.0,191.0,A
28.0,F,165.9,86.9,45.5,89.0,130.0,23.4,2.8,16.0,95.0,D
27.0,F,170.8,59.72,23.2,79.0,136.0,29.2,20.9,40.0,167.0,A
22.0,F,159.2,53.3,30.9,63.0,100.0,21.9,18.0,23.0,114.0,C
26.0,F,158.3,53.1,26.5,87.0,139.0,19.1,22.2,42.0,161.0,A
29.0,F,162.9,57.9,31.0,85.0,137.0,28.6,24.7,41.0,159.0,B
26.0,M,169.1,72.3,19.3,95.0,153.0,39.7,8.2,52.0,218.0,C
41.0,F,160.5,50.9,20.1,80.0,120.0,24.3,13.2,19.0,160.0,C
21.0,M,177.2,64.2,15.3,78.0,139.0,35.9,20.9,46.0,195.0,C
39.0,M,170.8,68.9,19.9,78.0,117.0,43.3,7.4,52.0,215.0,C
36.0,M,182.5,79.4,17.3,90.0,130.0,49.6,20.0,31.0,222.0,D
31.0,M,180.8,76.3,11.9,86.0,130.0,56.1,25.5,56.0,242.0,A
59.0,M,181.0,91.5,26.9,96.0,152.0,45.1,3.7,29.0,200.0,D
36.0,M,168.3,64.5,15.6,65.0,103.0,46.8,20.5,47.0,226.0,A
36.0,M,178.6,81.4,21.0,85.0,133.0,52.5,18.0,47.0,219.0,A
48.0,M,167.0,65.24,22.1,86.0,142.0,37.2,11.2,49.0,210.0,B
45.0,M,174.7,62.6,8.8,70.0,121.0,35.9,11.2,57.0,221.0,B
46.0,M,170.9,68.8,22.9,94.0,151.0,31.8,9.5,42.0,180.0,C
32.0,M,169.8,75.7,17.6,68.0,113.0,58.3,17.9,51.0,243.0,A
40.0,F,161.4,45.8,21.7,62.0,119.0,22.1,16.0,32.0,165.0,B
22.0,F,156.5,47.6,30.7,95.0,131.0,20.7,20.6,32.0,153.0,B
35.0,M,181.2,77.5,14.8,64.0,123.0,49.0,9.1,49.0,203.0,C
36.0,M,171.5,80.5,21.5,86.0,153.0,46.7,16.8,53.0,220.0,A
33.0,M,179.5,79.5,7.9,73.0,136.0,46.3,19.2,60.0,269.0,C
23.0,M,165.6,63.3,18.1,67.0,126.0,40.4,28.6,52.0,186.0,B
57.0,F,153.2,59.1,40.3,83.0,142.0,18.6,11.7,15.0,103.0,D
26.0,M,177.4,78.7,25.0,63.0,132.0,40.6,14.5,54.0,216.0,B
62.0,M,176.7,69.0,23.8,85.0,130.0,33.7,2.8,38.0,179.0,C
55.0,F,158.2,64.4,38.8,80.0,116.0,25.1,23.3,5.0,132.0,D
21.0,M,177.8,65.1,11.0,77.0,130.0,47.7,22.5,53.0,242.0,B
43.0,M,176.5,80.62,20.7,99.0,146.0,48.4,15.6,48.0,211.0,C
46.0,M,169.7,75.0,23.4,98.0,159.0,48.4,14.1,42.0,193.0,D
21.0,F,160.5,47.7,21.1,63.0,109.0,31.0,21.9,47.0,162.0,A
24.0,M,175.6,93.38,25.4,88.0,144.0,63.6,18.0,51.0,215.0,B
21.0,M,168.7,61.2,14.1,80.0,142.0,48.7,30.8,48.0,295.0,B
22.0,M,174.5,61.7,13.8,81.0,123.0,46.3,11.9,54.0,247.0,B
42.0,M,176.8,76.7,26.1,79.0,121.0,47.7,-3.4,26.0,174.0,D
54.0,M,165.0,60.9,15.0,88.0,150.0,41.2,18.9,34.0,189.0,B
27.0,M,172.3,72.3,9.8,50.0,112.0,44.3,18.2,72.0,236.0,A
30.0,M,185.4,88.6,17.6,97.0,149.0,51.3,1.9,61.0,227.0,D
37.0,F,161.0,62.7,29.7,80.0,123.0,24.8,31.2,15.0,128.0,D
60.0,M,172.6,65.2,19.6,99.0,158.0,38.4,22.3,42.0,162.0,A
36.0,F,155.4,49.9,24.17116,73.0,117.0,27.5,20.8,32.0,159.0,A
34.0,F,147.8,46.5,30.7,58.0,114.0,18.7,18.7,24.0,68.0,C
54.0,M,171.8,65.6,19.7,97.0,131.0,35.4,14.8,32.0,189.0,C
22.0,M,176.0,76.3,16.5,86.0,134.0,54.2,8.7,54.0,200.0,C
45.0,M,180.9,78.6,18.4,92.0,146.0,52.6,19.5,25.0,214.0,D
22.0,M,178.4,62.8,16.9,69.0,121.0,34.5,-8.1,42.0,229.0,D
32.0,M,169.2,68.7,15.2,80.0,120.0,48.3,21.1,64.0,254.0,B
22.0,M,175.1,77.6,26.7,88.0,148.0,36.0,-3.1,35.0,196.0,D
31.0,M,176.7,80.32,20.8,46.2,43.9,43.9,17.2,57.0,221.0,B
25.0,F,166.1,62.5,31.2,70.0,113.0,23.8,14.0,32.0,149.0,C
38.0,M,169.0,73.2,30.5,76.0,123.0,44.0,16.9,45.0,212.0,B
30.0,F,164.4,52.7,19.9,88.0,120.0,27.1,29.3,42.0,183.0,A
36.0,F,157.5,56.3,28.4,77.0,132.0,22.4,21.8,26.0,132.0,B
21.0,M,174.1,77.0,18.9,87.0,159.0,39.0,5.5,34.0,228.0,D
55.0,M,171.3,82.34,26.3,85.0,151.0,45.1,11.0,30.0,189.0,B
22.0,M,168.0,63.2,18.9,62.0,110.0,39.9,-9.8,45.0,220.0,D
28.0,M,181.0,65.9,11.7,90.0,118.0,47.9,20.0,56.0,240.0,A
34.0,M,167.1,62.9,19.2,82.0,132.0,37.7,5.3,36.0,221.0,C
50.0,F,157.1,60.1,36.7,71.0,119.0,28.7,23.0,26.0,121.0,C
45.0,M,173.9,64.0,14.7,87.0,157.0,45.6,13.5,43.0,211.0,B
51.0,M,179.3,79.3,20.9,51.0,137.0,56.4,20.2,30.0,235.0,C
21.0,F,152.0,50.3,28.3,87.0,130.0,23.1,16.8,29.0,145.0,C
57.0,M,173.3,67.1,13.1,84.0,146.0,44.8,25.2,47.0,215.0,A
60.0,M,177.8,77.4,25.2,91.0,132.0,39.4,10.9,19.0,158.0,C
64.0,M,174.6,65.3,17.2,77.0,128.0,38.3,11.8,27.0,158.0,C
28.0,M,176.5,87.2,22.7,93.0,144.0,58.0,13.9,57.0,218.0,B
29.0,M,181.0,101.5,29.8,77.0,134.0,52.1,21.8,48.0,182.0,D
44.0,M,172.6,73.0,29.4,95.0,158.0,38.6,15.9,32.0,190.0,C
22.0,M,181.4,77.4,11.2,94.0,127.0,50.0,21.6,58.0,244.0,A
56.0,M,173.1,77.5,20.2,82.0,120.0,52.3,28.8,55.0,221.0,B
23.0,F,156.7,52.0,23.7,80.0,118.0,25.1,24.4,48.0,172.0,C
25.0,M,168.2,58.4,15.4,75.0,135.0,46.8,7.2,34.0,190.0,D
25.0,M,184.3,85.1,22.6,82.0,128.0,54.5,17.2,47.0,221.0,B
25.0,M,180.8,79.8,13.9,62.0,135.0,45.3,19.5,60.0,241.0,B
51.0,F,153.9,54.4,26.1,89.0,134.0,22.4,28.8,40.0,137.0,A
34.0,M,178.0,88.4,32.7,88.0,142.0,61.6,17.0,43.0,188.0,D
59.0,F,158.5,56.2,28.34,67.0,121.0,31.8,19.8,31.0,137.0,A
36.0,M,178.5,79.1,23.3,99.0,159.0,46.3,18.38,34.0,213.0,C
51.0,F,161.7,51.0,21.2,59.0,118.0,27.9,27.1,30.0,160.0,B
30.0,M,192.0,99.5,26.9,73.0,135.0,50.5,-8.2,41.0,138.0,D
36.0,M,180.5,79.7,16.6,61.0,123.0,43.8,13.1,46.0,239.0,B
27.0,F,162.9,58.7,27.2,79.0,128.0,31.4,31.1,48.0,186.0,A
30.0,M,175.5,72.4,16.2,94.0,146.0,46.0,18.9,65.0,231.0,A
58.0,F,151.9,54.8,36.7,65.0,115.0,17.2,5.9,15.0,103.0,D
61.0,F,147.4,51.3,41.3,61.0,114.0,22.3,19.6,14.0,123.0,C
21.0,F,169.5,62.2,30.6,83.0,122.0,37.9,27.8,50.0,179.0,A
24.0,M,174.9,70.5,15.1,71.0,130.0,35.7,16.5,61.0,219.0,A
54.0,M,160.7,59.7,17.2,92.0,139.0,41.5,19.5,51.0,206.0,A
50.0,F,161.5,54.26,25.9,85.0,141.0,30.2,16.1,32.0,152.0,B
23.0,F,164.4,60.6,28.5,74.0,133.0,28.2,21.3,38.0,171.0,A
59.0,F,152.3,54.7,36.2,80.0,153.0,23.3,28.2,20.0,155.0,B
31.0,M,176.7,93.84,18.3,82.0,133.0,49.2,15.2,50.0,226.0,B
26.0,M,179.0,79.2,17.7,68.0,125.0,32.9,19.8,59.0,233.0,D
41.0,M,174.9,70.2,23.1,80.0,135.0,32.0,3.0,43.0,201.0,D
41.0,M,173.7,66.82,13.3,60.0,122.0,46.2,10.1,32.0,219.0,C
23.0,F,157.6,57.3,26.4,62.0,111.0,27.3,15.9,39.0,142.0,C
23.0,M,176.5,76.3,13.2,62.0,136.0,51.4,12.5,56.0,268.0,C
24.0,M,181.3,77.2,15.9,65.0,135.0,46.4,14.3,48.0,220.0,C
50.0,F,158.7,71.4,36.0,82.0,135.0,21.2,15.7,26.0,175.0,D
31.0,M,169.1,68.0,21.4,84.0,137.0,41.5,14.6,57.0,216.0,A
57.0,F,148.0,52.1,35.0,80.0,127.0,19.9,17.7,17.0,113.0,B
25.0,M,166.2,73.2,15.7,60.0,114.0,44.9,28.6,60.0,251.0,A
63.0,M,173.3,73.8,18.9,84.0,153.0,49.4,13.3,32.0,186.0,A
45.0,M,170.0,70.0,20.0,73.0,137.0,34.2,8.5,36.0,219.0,D
56.0,F,150.2,60.1,38.7,86.0,128.0,24.0,23.2,23.0,113.0,D
27.0,F,161.5,53.1,14.6,71.0,116.0,24.6,17.4,55.0,187.0,B
26.0,M,181.7,76.1,18.8,68.0,115.0,47.7,19.1,47.0,175.0,B
48.0,M,170.9,62.2,18.4,95.0,155.0,39.3,18.7,50.0,208.0,B
45.0,M,163.5,88.4,32.6,86.0,122.0,50.1,-1.2,15.0,188.0,D
60.0,M,171.6,70.6,22.6,89.0,128.0,34.1,11.2,30.0,186.0,B
51.0,F,161.0,66.0,30.4,94.0,147.0,23.3,14.0,22.0,165.0,D
53.0,F,163.5,67.72,29.9,80.0,120.0,25.9,11.0,22.0,161.0,D
60.0,F,152.4,56.1,35.2,65.0,98.0,22.4,15.8,18.0,138.0,C
29.0,F,162.2,47.5,19.7,92.0,125.0,21.5,15.7,47.0,175.0,B
30.0,M,168.6,69.64,21.9,99.0,137.0,43.7,20.9,59.0,242.0,A
38.0,M,174.6,65.4,13.8,84.0,147.0,54.1,19.0,47.0,226.0,A
56.0,M,166.4,65.3,30.1,97.0,148.0,35.7,7.9,32.0,180.0,C
49.0,F,164.8,56.7,32.7,71.0,104.0,22.2,15.6,10.0,118.0,D
62.0,M,168.4,71.6,15.7,73.0,157.0,42.7,17.1,45.0,213.0,B
22.0,M,184.3,74.5,18.6,66.0,125.0,35.4,0.6,54.0,222.0,D
30.0,M,172.3,71.44,20.1,75.0,125.0,38.6,16.0,57.0,215.0,B
61.0,M,171.7,75.54,22.9,87.0,151.0,44.5,8.4,34.0,172.0,B
52.0,M,170.8,67.9,21.5,82.0,137.0,44.2,9.4,32.0,210.0,B
55.0,M,172.8,70.5,19.4,85.0,135.0,40.9,25.6,35.0,199.0,A
56.0,M,176.8,73.8,23.1,93.0,150.0,31.0,10.4,33.0,179.0,C
25.0,F,167.1,59.5,21.9,78.0,117.0,36.2,18.7,58.0,195.0,A
43.0,M,168.9,79.6,19.1,78.0,128.0,52.0,18.5,50.0,221.0,A
23.0,M,175.9,119.8,41.7,98.0,152.0,48.4,17.4,56.0,213.0,D
22.0,M,175.7,67.9,11.3,71.0,103.0,52.5,19.2,55.0,232.0,C
26.0,F,155.3,57.1,34.3,85.0,128.0,23.0,21.0,28.0,162.0,B
59.0,F,162.0,50.84,19.4,83.0,123.0,31.7,21.9,23.0,157.0,A
64.0,M,171.5,72.8,13.6,79.0,137.0,42.9,11.8,41.0,190.0,B
21.0,M,170.0,63.7,20.2,75.0,119.0,36.1,12.2,51.0,234.0,B
39.0,M,179.3,77.9,24.3,98.0,158.0,38.7,6.9,32.0,234.0,D
63.0,F,157.8,57.1,27.4,55.0,123.0,21.6,14.7,20.0,154.0,C
31.0,F,162.7,47.9,18.8,61.0,110.0,21.8,21.2,47.0,187.0,A
63.0,M,175.8,86.7,30.7,71.0,108.0,45.2,0.1,22.0,150.0,D
40.0,M,177.3,75.3,18.1,88.0,138.0,42.9,14.4,42.0,208.0,B
24.0,M,169.0,67.5,13.8,75.0,157.0,41.4,22.9,61.0,242.0,A
61.0,M,169.5,82.5,24.3,86.0,154.0,43.3,7.0,31.0,184.0,C
49.0,M,163.8,67.1,23.6,69.0,106.0,37.0,11.4,35.0,200.0,C
26.0,M,188.0,73.3,15.6,80.0,132.0,54.4,16.9,45.0,216.0,B
36.0,M,176.1,74.2,16.9,98.0,158.0,42.5,9.7,51.0,231.0,B
26.0,F,169.3,63.4,31.8,70.0,119.0,26.6,33.8,36.0,179.0,B
27.0,M,172.4,61.6,13.0,83.0,133.0,46.0,13.3,48.0,230.0,B
23.0,M,182.0,85.9,12.8,90.0,151.0,43.7,20.4,44.0,244.0,C
23.0,F,165.3,82.3,41.5,79.0,127.0,28.3,14.3,2.0,138.0,D
37.0,M,178.8,86.1,22.1,92.0,150.0,36.8,16.7,41.0,209.0,D
36.0,M,167.0,63.1,19.4,80.0,124.0,37.9,9.5,49.0,207.0,B
49.0,M,181.0,84.6,16.1,70.0,128.0,48.2,17.2,32.0,202.0,C
22.0,F,161.2,57.9,24.3,65.0,114.0,26.8,23.6,53.0,180.0,A
64.0,M,166.0,69.84,26.2,80.0,135.0,39.6,23.6,25.0,200.0,D
28.0,F,158.7,57.1,35.7,77.0,118.0,29.4,15.7,24.0,160.0,D
52.0,F,159.5,55.2,31.5,68.0,103.0,24.4,15.0,16.0,119.0,C
59.0,M,165.2,67.62,20.1,93.0,141.0,38.6,15.8,35.0,195.0,C
30.0,M,179.0,67.2,18.8,70.0,104.0,36.1,8.8,45.0,213.0,C
58.0,F,154.9,51.6,24.1,85.0,132.0,25.3,19.4,31.0,165.0,B
41.0,M,177.9,76.0,12.0,62.0,131.0,44.8,16.7,44.0,192.0,B
22.0,F,161.0,55.9,28.2,81.0,132.0,27.5,27.1,45.0,180.0,A
64.0,F,152.7,49.5,24.7,88.0,128.0,22.5,24.5,10.0,101.0,C
27.0,M,175.8,69.1,8.3,62.0,111.0,42.5,21.6,64.0,249.0,A
28.0,M,174.3,59.48,13.0,70.0,119.0,36.7,16.1,53.0,233.0,A
52.0,M,173.6,84.9,30.3,93.0,144.0,42.0,9.0,43.0,185.0,D
29.0,M,173.0,72.1,22.8,77.0,110.0,50.8,-3.4,35.0,220.0,D
36.0,F,158.8,50.8,28.4,60.0,109.0,24.7,18.2,36.0,147.0,C
51.0,F,156.4,63.0,37.8,69.0,100.0,20.0,15.4,25.0,144.0,D
22.0,M,176.8,83.8,32.8,81.0,136.0,35.8,0.8,48.0,178.0,D
22.0,F,163.0,54.2,19.2,69.0,115.0,31.6,30.9,36.0,170.0,A
40.0,F,158.5,52.7,32.3,86.0,141.0,28.9,10.7,26.0,145.0,C
30.0,M,166.1,66.4,24.1,96.0,154.0,39.9,9.6,44.0,227.0,C
45.0,F,159.0,63.1,30.9,93.0,144.0,34.1,19.0,30.0,155.0,A
29.0,M,176.7,78.7,17.3,71.0,119.0,62.3,17.3,56.0,246.0,A
47.0,M,168.6,71.5,19.9,74.0,116.0,37.7,20.6,47.0,227.0,C
25.0,F,157.8,44.8,26.8,80.0,127.0,20.6,18.9,38.0,162.0,A
27.0,M,175.4,64.3,9.8,67.0,118.0,35.9,14.9,71.0,236.0,A
23.0,F,166.5,55.6,23.7,68.0,106.0,23.6,18.8,38.0,137.0,B
49.0,M,178.0,86.7,23.5,96.0,147.0,46.6,-0.9,30.0,186.0,D
28.0,M,179.8,83.0,15.8,80.0,120.0,44.1,24.4,43.0,188.0,C
23.0,M,170.3,79.8,21.5,75.0,135.0,57.0,17.9,55.0,241.0,A
32.0,M,175.1,76.5,19.4,91.0,140.0,41.9,19.7,48.0,245.0,C
27.0,M,175.9,64.9,18.1,69.0,129.0,49.6,18.5,58.0,211.0,B
46.0,F,155.1,62.5,37.7,65.0,113.0,24.7,21.0,24.0,124.0,D
28.0,F,173.4,66.3,24.5,81.0,125.0,31.3,26.3,29.0,157.0,B
54.0,M,167.7,65.2,17.4,98.0,156.0,35.5,7.6,30.0,178.0,C
41.0,F,153.6,59.1,39.2,62.0,119.0,25.5,26.8,6.0,111.0,D
43.0,F,166.4,59.2,34.1,91.0,134.0,23.1,-1.0,22.0,130.0,D
29.0,F,152.1,44.3,19.4,76.0,109.0,20.8,26.5,35.0,161.0,C
26.0,M,180.2,103.4,24.7,70.0,128.0,67.6,16.2,46.0,219.0,B
27.0,M,175.5,63.3,12.0,80.0,128.0,45.5,26.2,50.0,230.0,B
29.0,M,177.6,70.1,12.2,65.0,114.0,39.5,14.3,58.0,196.0,B
24.0,M,174.9,75.1,18.2,79.0,122.0,39.7,15.0,44.0,200.0,C
38.0,M,168.9,75.7,14.4,83.0,140.0,53.1,21.3,64.0,251.0,A
21.0,F,157.7,45.54,17.7,75.0,107.0,22.2,24.9,20.0,184.0,D
61.0,M,167.4,60.4,20.2,99.0,153.0,37.9,12.9,23.0,163.0,C
21.0,M,173.7,79.5,18.3,92.0,148.0,42.9,22.1,63.0,209.0,B
24.0,F,153.8,51.3,31.9,57.0,111.0,23.3,19.7,41.0,161.0,B
40.0,F,154.5,51.9,29.0,76.0,126.0,24.6,17.0,19.0,140.0,C
39.0,M,181.8,110.1,31.4,90.0,149.0,50.9,0.8,34.0,181.0,D
49.0,F,157.5,48.0,22.3,78.0,120.0,22.3,22.6,38.0,180.0,A
40.0,M,183.2,94.4,24.4,81.0,131.0,45.9,8.4,30.0,217.0,D
25.0,M,174.2,76.9,20.6,97.0,145.0,49.4,18.2,52.0,225.0,A
59.0,M,175.0,75.9,20.2,97.0,130.0,42.2,16.6,39.0,197.0,B
22.0,F,164.2,47.4,22.3,67.0,125.0,21.4,22.4,44.0,190.0,B
60.0,M,183.7,82.8,22.6,81.0,131.0,41.3,4.9,19.0,142.0,C
61.0,M,163.5,65.0,27.6,76.0,111.0,29.4,3.6,38.0,147.0,C
21.0,F,163.9,60.1,31.1,81.0,119.0,27.8,24.2,30.0,173.0,B
25.0,M,176.0,74.8,14.0,78.0,127.0,42.6,20.5,45.0,240.0,B
36.0,M,171.5,67.18,27.4,70.0,120.0,41.0,1.5,43.0,197.0,D
41.0,F,162.6,55.0,26.6,69.0,107.0,27.2,21.8,26.0,163.0,B
37.0,M,177.7,66.9,16.9,80.0,127.0,36.9,16.7,48.0,218.0,C
22.0,M,185.2,71.7,8.3,89.0,147.0,45.0,11.7,58.0,234.0,B
28.0,F,159.1,49.1,21.0,71.0,118.0,27.3,11.3,41.0,135.0,C
26.0,M,184.1,70.6,17.8,68.0,128.0,40.4,14.7,52.0,231.0,C
41.0,M,175.8,71.3,14.5,80.0,137.0,42.5,23.4,48.0,234.0,A
62.0,M,167.9,70.3,24.2,98.0,157.0,44.7,18.6,44.0,195.0,A
22.0,M,170.1,71.2,14.6,69.0,127.0,42.1,24.8,61.0,290.0,B
55.0,M,169.7,64.4,17.6,89.0,142.0,34.3,25.3,51.0,216.0,A
26.0,M,171.4,69.34,13.1,77.0,129.0,51.3,20.1,66.0,240.0,A
22.0,M,167.6,63.5,9.8,62.0,134.0,43.9,13.5,55.0,231.0,B
30.0,M,181.5,73.9,14.7,60.0,113.0,50.4,15.7,54.0,242.0,A
22.0,F,161.0,46.1,25.8,58.0,105.0,17.9,20.6,55.0,165.0,B
21.0,F,158.1,56.3,27.0,74.0,122.0,30.3,20.6,42.0,191.0,A
31.0,M,169.8,69.52,14.1,84.0,137.0,47.6,24.7,58.0,225.0,C
23.0,F,168.8,56.1,20.6,82.0,134.0,34.1,24.3,42.0,181.0,A
42.0,M,173.6,75.5,16.1,93.0,158.0,57.0,15.9,38.0,231.0,B
49.0,F,162.5,63.3,28.6,63.0,119.0,30.9,23.7,40.0,161.0,A
54.0,F,166.9,68.8,32.4,87.0,136.0,29.7,21.4,28.0,140.0,B
24.0,M,177.6,76.5,6.6,67.0,142.0,50.3,19.7,63.0,248.0,B
59.0,F,162.6,52.98,24.5,78.0,152.0,24.6,13.7,15.0,152.0,C
25.0,F,164.2,50.4,26.6,69.0,108.0,25.2,8.5,25.0,163.0,D
21.0,F,160.6,55.2,28.5,65.0,115.0,24.9,29.1,46.0,199.0,A
60.0,M,173.6,57.9,13.7,87.0,147.0,38.3,13.5,41.0,189.0,A
42.0,M,173.1,68.6,18.6,85.0,128.0,40.3,6.8,32.0,205.0,C
21.0,M,185.8,83.6,13.4,90.0,142.0,45.0,-6.2,59.0,232.0,D
40.0,F,159.1,50.4,16.6,67.0,115.0,28.7,25.7,32.0,162.0,A
26.0,F,167.2,64.9,31.3,64.0,110.0,28.2,25.1,33.0,163.0,D
33.0,F,167.4,69.9,36.4,71.0,132.0,28.5,20.6,34.0,166.0,B
25.0,M,184.2,87.1,24.8,66.0,122.0,36.0,1.0,25.0,207.0,D
48.0,M,175.6,73.1,17.9,83.0,142.0,45.0,21.1,45.0,220.0,B
44.0,M,179.0,92.9,29.5,97.0,145.0,40.1,14.9,34.0,211.0,D
24.0,M,177.0,76.0,15.5,77.0,127.0,40.2,16.8,51.0,217.0,B
48.0,F,146.7,51.24,28.6,76.0,116.0,25.5,21.6,27.0,137.0,B
63.0,M,173.3,75.9,29.6,93.0,159.0,41.4,8.8,37.0,161.0,B
25.0,F,165.8,54.0,27.3,66.0,114.0,20.8,18.0,47.0,153.0,C
24.0,M,182.4,74.1,11.1,63.0,114.0,48.1,11.3,53.0,249.0,C
22.0,F,154.0,51.1,26.0,69.0,113.0,26.3,23.9,48.0,190.0,A
53.0,M,169.9,62.8,12.8,71.0,118.0,49.0,17.7,47.0,200.0,A
55.0,F,162.0,51.6,23.6,65.0,105.0,24.9,22.8,28.0,151.0,A
32.0,M,185.6,113.9,30.2,92.0,137.0,57.8,11.2,38.0,215.0,D
33.0,M,170.3,70.1,22.3,83.0,123.0,45.9,9.3,45.0,222.0,C
24.0,M,167.5,69.4,16.1,73.0,124.0,47.3,23.1,38.0,220.0,D
60.0,M,166.4,69.8,21.8,67.0,134.0,42.8,22.9,27.0,192.0,B
29.0,M,175.0,66.8,18.6,80.0,120.0,43.9,19.4,45.0,211.0,B
21.0,M,170.4,107.9,42.1,85.0,136.0,49.5,5.9,37.0,200.0,D
29.0,F,151.8,46.3,29.7,64.0,99.0,17.8,8.2,29.0,138.0,D
32.0,F,163.7,48.9,20.1,61.0,113.0,22.1,13.8,37.0,155.0,B
56.0,F,163.3,66.62,38.0,90.0,151.0,26.8,19.9,21.0,101.0,B
56.0,F,159.9,80.72,46.1,88.0,152.0,26.1,24.5,18.0,138.0,D
57.0,F,163.9,62.1,30.1,93.0,149.0,25.3,-3.0,19.0,130.0,D
22.0,M,176.3,66.2,14.7,86.0,123.0,46.8,16.5,57.0,211.0,A
35.0,M,176.9,67.8,11.4,98.0,151.0,43.5,19.2,46.0,216.0,A
63.0,M,172.4,71.66,18.9,79.0,152.0,43.1,15.8,38.0,173.0,A
22.0,M,181.3,86.8,12.1,53.0,114.0,44.0,14.9,67.0,242.0,C
25.0,M,178.9,71.4,14.2,62.0,117.0,44.8,16.0,51.0,243.0,A
40.0,F,159.4,52.6,25.9,96.0,134.0,26.9,26.3,31.0,162.0,A
27.0,M,176.4,76.2,20.9,83.0,131.0,49.4,2.3,58.0,217.0,D
60.0,F,161.0,63.2,28.2,70.0,124.0,33.1,21.0,39.0,127.0,A
22.0,M,168.9,65.4,24.7,90.0,124.0,29.3,2.4,34.0,189.0,D
26.0,M,174.5,62.4,13.7,70.0,129.0,34.1,6.4,46.0,229.0,C
23.0,F,154.1,52.0,27.1,69.0,113.0,22.9,21.9,29.0,173.0,C
23.0,F,155.1,58.7,30.2,93.0,140.0,28.3,20.9,46.0,167.0,A
29.0,M,178.9,83.1,13.8,81.0,148.0,52.9,21.2,55.0,254.0,A
30.0,M,174.0,77.0,13.9,84.0,122.0,50.0,21.2,50.0,229.0,B
21.0,M,172.5,71.3,20.6,69.0,143.0,37.3,16.2,37.0,222.0,D
64.0,F,157.8,60.4,34.9,82.0,150.0,24.0,17.2,4.0,95.0,D
27.0,F,155.1,42.6,21.1,79.0,112.0,20.1,10.8,15.0,157.0,D
28.0,M,179.5,73.9,22.9,88.0,140.0,37.7,23.3,39.0,217.0,C
56.0,M,168.6,68.0,17.6,69.0,129.0,44.3,20.0,41.0,178.0,A
64.0,F,149.8,64.6,43.6,76.0,146.0,16.9,12.8,2.0,83.0,D
60.0,M,160.0,69.98,24.9,83.0,130.0,39.8,4.8,24.0,184.0,C
49.0,F,161.2,60.3,28.0,68.0,117.0,33.5,15.0,36.0,164.0,B
25.0,F,163.2,54.4,26.8,85.0,119.0,27.7,24.8,36.0,164.0,A
48.0,M,166.3,67.12,16.6,90.0,138.0,40.6,22.3,44.0,228.0,A
57.0,F,157.3,52.5,28.8,87.0,142.0,21.6,23.4,22.0,148.0,A
21.0,M,181.6,88.4,25.3,83.0,123.0,39.0,14.9,20.0,220.0,D
23.0,F,169.4,56.0,24.8,67.0,100.0,29.7,26.0,34.0,161.0,C
38.0,M,175.4,76.9,22.1,94.0,139.0,41.4,15.9,52.0,220.0,C
45.0,M,173.6,71.4,15.5,95.0,125.0,44.7,27.3,46.0,248.0,A
21.0,M,181.3,96.2,32.0,99.0,153.0,39.4,5.2,25.0,189.0,D
23.0,M,174.8,60.8,12.5,74.0,122.0,38.6,20.1,56.0,221.0,B
57.0,M,157.4,48.42,19.9,83.0,133.0,36.2,19.0,43.0,204.0,A
59.0,F,155.4,52.6,30.7,66.0,103.0,18.0,20.0,0.0,103.0,D
28.0,M,174.6,76.5,13.8,87.0,148.0,44.9,19.1,56.0,266.0,A
27.0,M,177.3,75.88,15.4,72.0,141.0,48.0,20.7,50.0,226.0,B
51.0,F,154.2,46.6,20.3,78.0,120.0,27.4,23.4,31.0,173.0,A
23.0,M,180.5,85.78,22.7,89.0,151.0,45.0,17.5,43.0,182.0,C
64.0,M,174.9,73.2,17.6,86.0,152.0,51.6,20.0,36.0,211.0,A
31.0,M,170.6,68.3,25.8,98.0,157.0,38.2,13.0,14.0,202.0,D
32.0,M,183.9,87.6,29.3,96.0,146.0,46.6,10.4,36.0,201.0,D
49.0,F,160.8,58.6,28.9,78.0,116.0,29.0,18.1,20.0,137.0,C
28.0,M,173.9,72.0,16.9,82.0,143.0,46.6,21.8,45.0,229.0,C
25.0,F,157.3,51.5,30.7,79.0,132.0,22.8,21.9,28.0,161.0,C
32.0,F,160.4,48.3,32.1,80.0,133.0,25.8,26.2,31.0,139.0,C
23.0,M,160.3,63.9,20.3,67.0,143.0,46.1,9.8,66.0,173.0,C
39.0,M,177.1,79.6,16.11972,77.0,149.0,52.9,0.7,61.0,212.0,D
26.0,M,182.4,78.0,13.3,77.0,146.0,34.7,18.0,52.0,259.0,C
33.0,M,174.8,69.4,13.6,97.0,153.0,55.7,17.7,59.0,241.0,A
25.0,M,165.6,62.0,16.5,76.0,115.0,30.9,20.4,51.0,209.0,C
34.0,M,174.5,74.4,24.3,94.0,154.0,39.3,22.5,56.0,224.0,D
57.0,F,149.1,56.0,30.6,92.0,152.0,25.7,27.8,12.0,130.0,C
39.0,F,164.0,64.7,34.9,80.0,116.0,33.4,19.3,45.0,176.0,A
26.0,M,173.5,64.28,13.3,80.0,125.0,51.5,15.3,52.0,211.0,A
24.0,F,160.6,53.7,26.1,68.0,99.0,32.1,27.3,44.0,157.0,A
62.0,M,175.9,66.0,20.2,73.0,141.0,34.6,5.4,20.0,159.0,C
63.0,F,153.2,56.0,42.0,76.0,127.0,23.7,23.8,0.0,103.0,D
26.0,M,172.2,70.9,20.4,85.0,133.0,47.2,8.8,40.0,214.0,C
22.0,M,184.7,85.0,18.3,80.0,120.0,48.8,21.5,55.0,266.0,A
31.0,M,181.3,110.0,32.6,79.0,149.0,50.9,21.0,44.0,211.0,D
25.0,F,168.4,52.06,26.2,70.0,110.0,22.1,14.3,37.0,151.0,B
46.0,M,173.4,72.7,14.9,79.0,125.0,43.1,20.0,59.0,219.0,B
30.0,M,175.8,87.2,20.4,90.0,154.0,53.0,19.0,51.0,226.0,C
30.0,M,176.5,85.9,16.8,88.0,139.0,53.0,28.5,60.0,231.0,A
47.0,M,171.0,76.2,17.9,83.0,139.0,50.9,27.7,51.0,227.0,A
63.0,F,155.6,52.7,24.2,75.0,132.0,23.1,23.1,23.0,125.0,A
29.0,M,172.8,71.5,16.2,98.0,157.0,49.7,15.0,58.0,266.0,B
34.0,M,173.0,63.6,17.9,80.0,144.0,40.3,17.8,53.0,217.0,B
32.0,M,170.7,90.5,36.2,82.0,133.0,45.1,11.4,33.0,188.0,D
63.0,M,163.7,83.7,29.3,95.0,137.0,44.0,9.2,29.0,170.0,D
43.0,M,172.8,73.1,22.5,97.0,139.0,37.0,-1.2,24.0,156.0,D
43.0,M,174.4,91.4,31.4,96.0,142.0,41.9,0.1,14.0,153.0,D
36.0,M,171.6,63.1,18.7,66.0,134.0,41.3,12.0,27.0,220.0,D
21.0,F,160.1,53.8,26.8,64.0,112.0,23.7,21.0,41.0,177.0,A
61.0,M,166.6,62.7,18.4,81.0,150.0,41.3,9.7,28.0,141.0,B
26.0,F,161.5,46.0,23.8,83.0,135.0,20.2,16.5,20.0,132.0,D
38.0,M,166.5,59.0,14.4,71.0,124.0,41.5,13.8,39.0,213.0,B
31.0,F,160.5,54.0,29.4,80.0,120.0,26.4,17.3,30.0,165.0,B
27.0,M,181.0,83.18,16.4,79.0,137.0,50.3,-0.1,22.0,220.0,D
62.0,M,175.9,71.0,22.0,71.0,132.0,49.4,7.8,33.0,201.0,B
30.0,M,176.1,68.9,17.7,92.0,156.0,48.4,17.6,63.0,237.0,A
25.0,F,163.5,66.62,30.1,83.0,128.0,26.4,17.9,41.0,162.0,B
26.0,M,179.4,92.1,23.3,69.0,156.0,59.7,16.2,60.0,245.0,D
38.0,M,169.3,69.9,14.3,80.0,115.0,40.8,15.0,47.0,237.0,C
43.0,M,186.2,78.0,10.7,79.0,118.0,54.0,15.3,54.0,235.0,D
61.0,F,152.6,56.4,37.6,93.0,136.0,28.9,20.2,4.0,125.0,D
41.0,M,174.0,69.1,12.0,80.0,98.0,42.2,24.4,66.0,244.0,A
34.0,M,173.4,70.04,19.9,63.0,118.0,42.4,13.6,51.0,224.0,B
31.0,M,175.9,76.6,18.2,79.0,120.0,59.5,25.4,65.0,263.0,A
24.0,M,173.7,63.5,11.7,52.0,150.0,35.3,16.1,60.0,213.0,B
59.0,M,169.1,57.2,10.0,62.0,120.0,35.3,7.5,40.0,197.0,C
31.0,M,178.3,80.8,19.9,81.0,155.0,53.7,20.4,54.0,201.0,C
30.0,M,176.1,84.2,14.6,75.0,145.0,60.8,22.6,46.0,237.0,B
23.0,M,167.6,62.9,17.7,77.0,125.0,36.5,21.4,50.0,230.0,B
22.0,M,186.2,135.78,35.2,69.0,141.0,49.7,0.1,26.0,216.0,D
21.0,F,148.0,43.7,19.3,52.0,108.0,28.5,28.9,55.0,185.0,A
21.0,F,155.6,45.8,19.1,49.0,108.0,23.6,2.5,28.0,138.0,D
46.0,M,164.8,66.4,16.5,82.0,151.0,58.5,15.4,46.0,225.0,A
30.0,M,169.9,76.0,24.3,70.0,123.0,43.1,13.7,42.0,222.0,C
28.0,F,160.7,63.0,33.1,84.0,124.0,28.9,11.4,32.0,177.0,C
25.0,M,175.2,72.4,10.7,79.0,134.0,50.4,23.2,54.0,245.0,A
32.0,F,172.9,60.8,20.1,86.0,126.0,30.4,22.2,34.0,186.0,A
23.0,F,162.3,49.4,26.1,66.0,121.0,21.4,22.4,40.0,165.0,A
43.0,M,172.8,76.0,22.1,89.0,144.0,37.9,13.5,43.0,212.0,C
29.0,M,170.5,68.4,13.5,81.0,135.0,39.8,23.3,48.0,247.0,B
24.0,M,177.9,75.7,9.3,83.0,146.0,52.3,24.6,62.0,250.0,A
50.0,F,156.7,70.2,36.6,79.0,130.0,25.5,17.6,14.0,166.0,D
30.0,M,177.5,69.38,24.1,86.0,123.0,43.0,6.6,43.0,213.0,C
28.0,F,165.6,58.9,30.4,86.0,127.0,25.9,18.9,42.0,165.0,A
21.0,M,186.3,74.4,13.6,94.0,133.0,46.6,3.7,53.0,214.0,D
49.0,M,172.1,67.7,16.1,91.0,144.0,43.3,14.2,34.0,232.0,C
21.0,F,160.2,56.3,39.6,69.0,115.0,19.2,5.4,20.0,142.0,D
24.0,M,182.1,80.1,20.2,84.0,147.0,50.7,8.2,37.0,168.0,D
43.0,M,167.0,60.58,11.5,64.0,125.0,45.4,14.4,52.0,238.0,A
30.0,M,185.0,79.0,14.1,73.0,120.0,51.1,23.0,50.0,220.0,A
31.0,M,173.3,68.9,17.9,85.0,126.0,44.7,20.0,55.0,250.0,A
21.0,M,172.0,74.9,26.6,70.0,105.0,35.9,0.9,38.0,191.0,D
52.0,F,161.5,54.2,23.5,76.0,153.0,27.5,24.6,37.0,175.0,A
26.0,M,176.3,75.02,15.5,94.0,137.0,43.0,11.3,54.0,216.0,C
60.0,M,166.2,76.28,27.2,75.0,143.0,43.1,13.9,38.0,187.0,B
21.0,M,167.9,61.5,12.2,81.0,132.0,46.7,16.3,60.0,256.0,B
22.0,M,183.5,71.4,17.6,81.0,125.0,34.7,-10.1,44.0,208.0,D
58.0,M,170.6,73.6,25.9,99.0,151.0,30.2,14.2,35.0,176.0,D
26.0,M,166.8,70.7,19.3,83.0,126.0,42.0,6.5,54.0,202.0,C
31.0,M,172.2,73.4,20.3,88.0,134.0,49.0,20.7,46.0,220.0,B
25.0,M,174.8,70.5,12.6,71.0,108.0,58.4,22.5,64.0,275.0,A
21.0,M,172.8,67.9,13.8,73.0,116.0,50.0,25.1,69.0,245.0,A
34.0,F,157.1,55.9,27.8,75.0,114.0,25.2,2.0,38.0,177.0,D
27.0,F,172.0,58.7,25.6,81.0,130.0,29.6,20.9,40.0,175.0,A
29.0,M,167.0,78.9,24.1,81.0,136.0,45.8,-2.8,43.0,219.0,D
31.0,M,187.3,87.5,17.1,78.0,131.0,53.0,9.6,49.0,223.0,B
49.0,M,174.0,73.3,22.1,83.0,146.0,42.0,20.2,44.0,218.0,C
57.0,F,153.5,52.9,30.1,66.0,102.0,21.5,20.6,31.0,124.0,B
62.0,M,163.3,65.4,27.4,81.0,120.0,35.7,5.5,35.0,175.0,C
53.0,F,152.7,47.0,23.9,74.0,125.0,21.1,16.3,22.0,142.0,B
21.0,F,167.5,50.98,24.8,75.0,132.0,24.8,20.2,40.0,168.0,B
21.0,F,160.9,48.5,24.3,60.0,121.0,23.8,20.1,39.0,169.0,A
24.0,M,170.0,75.6,20.0,70.0,105.0,42.2,15.6,56.0,233.0,C
30.0,M,180.9,71.9,24.9,97.0,144.0,41.2,14.7,45.0,199.0,C
22.0,F,159.5,60.9,29.4,67.0,119.0,26.4,28.5,54.0,214.0,A
55.0,F,155.2,57.5,32.0,77.0,132.0,29.4,24.7,35.0,185.0,A
41.0,F,155.2,45.6,18.0,76.0,121.0,24.8,28.2,40.0,161.0,A
46.0,M,172.6,89.0,23.3,79.0,130.0,41.3,-7.4,49.0,218.0,D
25.0,M,185.1,87.2,16.9,92.0,159.0,45.8,15.4,55.0,196.0,B
33.0,F,159.2,62.5,34.1,68.0,103.0,27.1,12.0,52.0,169.0,D
52.0,F,156.2,64.5,32.6,90.0,139.0,30.6,22.8,25.0,143.0,B
30.0,M,171.4,66.0,13.6,46.0,102.0,48.8,22.9,51.0,230.0,A
24.0,M,178.3,86.3,12.5,88.0,126.0,48.1,24.9,51.0,249.0,C
52.0,M,166.3,74.3,26.0,79.0,131.0,47.1,40.0,40.0,194.0,B
53.0,F,156.1,72.9,41.3,88.0,130.0,19.7,11.1,11.0,108.0,D
25.0,F,157.2,51.2,22.1,70.0,118.0,27.4,15.3,45.0,180.0,B
27.0,M,171.4,74.9,24.4,76.0,137.0,51.4,16.0,36.0,212.0,D
23.0,F,157.9,52.2,34.1,75.0,102.0,27.6,15.8,25.0,100.0,D
22.0,M,166.5,67.0,22.2,72.0,133.0,37.8,17.2,63.0,237.0,A
21.0,F,161.6,59.1,32.7,67.0,108.0,24.1,21.4,35.0,183.0,B
29.0,M,162.2,73.2,20.0,94.0,154.0,50.8,14.5,36.0,210.0,D
55.0,F,153.4,63.2,39.5,78.0,123.0,23.2,2.6,6.0,117.0,D
27.0,M,179.3,74.5,20.6,86.0,118.0,46.6,22.6,55.0,240.0,A
53.0,F,160.0,71.8,36.9,80.0,120.0,24.3,11.3,15.0,50.0,D
36.0,M,174.8,77.5,23.1,87.0,131.0,35.6,6.8,29.0,210.0,D
37.0,M,181.1,67.8,9.5,64.0,103.0,41.6,15.9,43.0,231.0,B
31.0,M,183.4,89.9,20.6,71.0,138.0,66.0,21.0,53.0,235.0,B
62.0,F,159.2,50.8,27.1,71.0,128.0,25.6,24.2,22.0,147.0,A
22.0,M,171.3,67.0,9.6,63.0,114.0,38.5,6.6,48.0,217.0,C
29.0,M,181.1,103.3,31.6,81.0,131.0,59.0,7.2,31.0,202.0,D
39.0,F,160.6,69.1,39.5,73.0,126.0,24.9,15.5,30.0,152.0,D
59.0,F,154.7,60.34,37.3,91.0,149.0,26.7,20.5,25.0,148.0,A
25.0,F,170.1,62.1,30.1,71.0,103.0,29.5,19.8,42.0,193.0,A
28.0,F,161.6,56.0,19.2,85.0,149.0,22.3,19.2,49.0,152.0,B
33.0,M,179.2,76.3,23.8,85.0,126.0,32.0,8.7,36.0,188.0,D
26.0,M,170.2,66.9,22.8,87.0,134.0,43.9,5.4,46.0,96.0,C
25.0,F,157.2,43.5,22.8,70.0,109.0,21.0,15.9,30.0,145.0,B
60.0,M,166.9,62.6,21.2,97.0,133.0,12.2,16.2,29.0,209.0,B
27.0,F,169.8,64.9,26.9,83.0,132.0,31.3,12.3,49.0,159.0,C
22.0,M,168.6,73.9,23.4,83.0,133.0,38.7,16.3,47.0,209.0,C
24.0,M,178.6,67.6,13.4,80.0,128.0,49.4,19.6,55.0,212.0,A
26.0,M,173.2,85.2,14.3,72.0,123.0,54.3,10.6,45.0,212.0,B
29.0,M,182.0,77.2,19.0,78.0,134.0,52.9,5.3,56.0,234.0,C
28.0,F,162.5,52.3,25.6,73.0,116.0,25.2,16.8,29.0,148.0,B
21.0,M,165.1,66.8,18.7,85.0,137.0,41.8,9.2,48.0,209.0,C
29.0,F,157.2,47.9,22.7,66.0,113.0,28.6,19.5,40.0,157.0,A
26.0,M,175.6,85.8,25.6,90.0,147.0,43.5,7.2,48.0,214.0,D
21.0,M,170.7,68.1,8.3,60.0,116.0,34.4,23.6,64.0,249.0,C
44.0,M,174.3,74.2,13.5,76.0,125.0,51.3,14.5,38.0,217.0,B
64.0,F,157.4,55.1,35.2,86.0,159.0,27.7,14.6,11.0,113.0,C
54.0,M,171.6,56.6,10.9,94.0,151.0,36.0,1.7,33.0,203.0,D
49.0,M,173.0,84.7,23.6,110.0,155.0,34.3,12.2,32.0,180.0,D
60.0,M,168.5,81.4,25.5,81.0,119.0,37.9,7.3,30.0,140.0,D
27.0,M,170.4,59.3,11.4,86.0,129.0,46.6,14.6,53.0,211.0,B
33.0,F,166.3,70.7,40.9,83.0,140.0,21.8,20.1,10.0,119.0,D
28.0,F,158.6,45.8,24.2,76.0,118.0,20.0,18.3,29.0,158.0,B
22.0,M,167.6,72.7,18.6,75.0,123.0,53.5,22.1,67.0,260.0,A
39.0,F,163.7,59.6,33.3,85.0,132.0,24.0,13.7,24.0,142.0,C
28.0,M,168.5,76.9,18.9,92.0,145.0,44.7,24.0,59.0,235.0,A
33.0,F,157.2,50.8,32.6,67.0,127.0,22.6,18.8,38.0,141.0,C
29.0,M,171.8,67.16,21.7,78.0,120.0,32.7,13.2,35.0,200.0,D
30.0,M,174.5,76.4,19.4,76.0,118.0,45.7,21.2,53.0,220.0,B
21.0,M,173.3,57.9,12.8,72.0,125.0,36.4,9.9,44.0,212.0,C
22.0,F,162.4,46.9,16.8,76.0,125.0,27.6,15.4,38.0,163.0,B
51.0,F,154.3,57.2,35.2,69.0,111.0,26.2,11.8,9.0,126.0,D
43.0,M,168.0,72.9,22.6,73.0,116.0,40.6,16.1,45.0,196.0,C
29.0,M,173.0,73.1,22.2,91.0,137.0,51.8,17.2,52.0,231.0,B
37.0,M,176.0,65.0,16.0,84.0,123.0,47.0,15.0,47.0,220.0,A
47.0,F,154.3,53.7,28.7,81.0,123.0,23.8,29.3,33.0,152.0,A
23.0,M,176.9,66.7,14.2,84.0,136.0,36.0,8.9,22.0,183.0,D
39.0,M,176.0,67.9,18.1,93.0,141.0,41.7,5.5,35.0,237.0,C
21.0,M,184.0,76.1,16.8,56.0,117.0,42.4,13.4,52.0,239.0,C
26.0,M,174.1,69.1,8.0,71.0,133.0,45.8,19.1,67.0,231.0,A
63.0,F,154.9,49.4,26.5,99.0,158.0,24.8,21.8,17.0,75.0,D
47.0,M,169.2,71.7,24.6,97.0,145.0,37.1,6.71,34.0,203.0,C
22.0,M,164.4,63.5,14.0,63.0,101.0,32.7,17.4,61.0,228.0,B
29.0,F,155.7,48.3,26.2,55.0,101.0,18.0,19.9,26.0,150.0,C
21.0,M,171.5,80.0,20.6,71.0,128.0,42.6,8.9,44.0,243.0,C
21.0,M,169.3,71.1,21.2,85.0,128.0,50.1,17.1,58.0,234.0,C
43.0,M,174.7,67.5,14.7,94.0,158.0,51.1,11.7,43.0,199.0,B
29.0,M,177.3,68.7,18.0,77.0,123.0,39.7,-10.2,33.0,168.0,D
22.0,F,154.2,50.0,21.6,64.0,109.0,32.7,17.0,40.0,112.0,B
50.0,M,169.5,87.8,29.7,95.0,156.0,53.6,17.4,36.0,204.0,B
32.0,M,179.0,82.2,19.0,99.0,150.0,48.6,28.7,57.0,250.0,B
21.0,F,152.5,47.0,36.9,67.0,109.0,17.5,1.3,9.0,139.0,D
39.0,F,156.2,56.0,26.5,71.0,120.0,29.6,18.5,24.0,165.0,C
22.0,M,165.8,68.5,27.4,83.0,123.0,38.9,7.1,38.0,200.0,D
38.0,M,176.4,73.9,17.54,96.0,144.0,49.3,7.2,47.0,212.0,C
50.0,M,171.9,66.7,20.2,76.0,124.0,43.6,19.2,36.0,195.0,B
22.0,M,163.2,62.1,21.7,80.0,128.0,30.1,12.7,51.0,197.0,D
21.0,M,185.4,81.7,25.5,73.0,123.0,32.2,11.9,29.0,217.0,D
22.0,F,154.8,49.9,29.4,70.0,111.0,30.3,13.0,30.0,181.0,C
38.0,F,160.2,55.8,27.1,91.0,136.0,35.5,21.5,26.0,154.0,B
41.0,M,173.1,66.7,19.7,69.0,112.0,35.3,-3.1,52.0,206.0,D
21.0,F,164.4,50.0,25.2,78.0,121.0,23.6,12.9,56.0,185.0,C
50.0,M,178.2,79.4,29.4,97.0,153.0,35.3,6.1,45.0,181.0,D
34.0,F,164.5,61.2,32.9,82.0,138.0,12.5,12.0,18.0,160.0,D
30.0,M,170.7,76.8,22.5,77.0,144.0,48.7,14.5,50.0,235.0,A
63.0,M,161.0,68.9,25.64,83.0,136.0,42.2,8.7,30.0,162.0,B
24.0,F,168.1,55.1,27.2,70.0,115.0,26.1,22.5,28.0,157.0,C
23.0,M,171.0,67.6,20.2,75.0,124.0,38.3,18.5,48.0,230.0,B
25.0,M,173.8,83.6,21.6,86.0,139.0,53.1,28.6,53.0,242.0,A
60.0,F,159.2,53.8,33.7,93.0,152.0,25.9,22.5,0.0,93.0,D
22.0,F,159.5,53.6,25.8,79.0,134.0,23.3,21.1,35.0,139.0,B
25.0,M,166.3,53.9,12.8,89.0,142.0,35.7,17.0,54.0,240.0,A
25.0,F,162.1,53.0,24.3,74.0,126.0,21.2,14.4,21.0,144.0,C
25.0,F,156.3,48.6,26.5,73.0,138.0,22.8,29.8,41.0,155.0,A
22.0,M,175.2,86.0,34.0,71.0,121.0,44.3,4.3,0.0,170.0,D
34.0,M,175.5,96.6,34.9,98.0,149.0,44.8,4.9,37.0,214.0,D
21.0,M,166.1,64.1,13.0,79.0,120.0,41.3,18.9,56.0,230.0,A
33.0,M,170.1,69.1,20.3,94.0,137.0,39.2,27.6,43.0,203.0,C
39.0,M,175.5,72.82,13.4,80.0,120.0,46.9,6.8,45.0,201.0,C
22.0,M,172.9,62.3,12.6,60.0,113.0,34.1,22.7,49.0,242.0,C
23.0,F,175.1,70.8,34.2,93.0,136.0,31.3,24.4,40.0,179.0,C
26.0,M,171.0,69.2,16.6,84.0,139.0,45.6,12.6,49.0,243.0,B
48.0,F,161.3,77.4,41.8,68.0,117.0,36.4,7.5,30.0,160.0,D
23.0,F,166.0,55.8,26.4,63.0,108.0,27.0,21.0,38.0,165.0,B
41.0,M,169.0,76.3,27.3,82.0,130.0,48.7,15.5,40.0,220.0,B
59.0,M,172.6,77.0,28.6,90.0,151.0,37.0,14.1,30.0,160.0,D
22.0,M,171.5,75.0,17.3,82.0,117.0,37.2,13.0,57.0,218.0,B
29.0,M,178.2,77.66,17.0,86.0,132.0,48.2,17.4,48.0,225.0,B
60.0,M,164.9,66.3,19.2,86.0,155.0,40.2,17.9,40.0,181.0,A
57.0,M,167.7,65.98,25.7,97.0,157.0,43.5,16.5,33.0,183.0,C
53.0,F,159.9,61.9,37.4,80.0,123.0,26.6,15.8,10.0,101.0,D
29.0,M,176.5,73.7,11.5,71.0,123.0,35.0,10.9,62.0,208.0,B
28.0,M,177.1,70.3,17.2,83.0,123.0,43.5,14.2,66.0,236.0,B
43.0,M,163.8,72.5,22.7,63.0,110.0,39.3,15.3,44.0,206.0,C
24.0,F,160.2,52.7,19.1,56.0,98.0,28.8,13.2,51.0,181.0,C
44.0,M,175.5,81.0,25.7,74.0,148.0,50.5,11.6,47.0,196.0,B
27.0,M,174.8,71.0,16.7,98.0,149.0,48.6,16.4,60.0,251.0,A
24.0,F,166.6,50.5,17.7,60.0,105.0,22.6,31.0,50.0,198.0,A
23.0,F,165.9,55.5,26.9,70.0,121.0,19.6,18.7,48.0,155.0,D
23.0,M,172.0,72.0,15.8,81.0,119.0,34.2,18.8,60.0,200.0,B
26.0,M,170.9,78.6,17.4,87.0,136.0,38.6,-6.4,54.0,181.0,D
61.0,M,166.6,65.4,18.4,83.0,135.0,46.0,18.9,40.0,200.0,A
60.0,M,173.3,74.0,26.1,87.0,156.0,42.6,7.8,32.0,198.0,C
23.0,F,178.1,64.2,29.2,55.0,102.0,29.9,14.6,27.0,126.0,C
21.0,F,155.9,45.6,22.4,78.0,143.0,25.6,14.6,27.0,135.0,C
51.0,M,174.5,79.9,17.8,88.0,134.0,53.7,15.8,49.0,228.0,A
22.0,M,184.7,84.9,9.0,81.0,133.0,50.9,24.0,57.0,226.0,B
39.0,M,184.4,85.7,18.5,92.0,138.0,49.8,13.7,46.0,223.0,D
51.0,M,173.6,69.1,17.0,96.0,158.0,47.3,14.5,37.0,222.0,B
42.0,F,171.4,63.1,23.1,70.0,115.0,29.7,21.0,27.0,147.0,B
28.0,M,169.8,75.9,24.1,81.0,130.0,45.1,12.7,38.0,239.0,C
24.0,M,174.5,67.1,13.9,86.0,142.0,36.6,17.1,48.0,242.0,C
60.0,M,170.0,74.8,26.9,81.0,140.0,34.9,8.2,29.0,161.0,B
25.0,M,179.0,81.2,24.0,83.0,141.0,42.3,19.9,53.0,226.0,B
29.0,F,163.1,54.1,21.3,69.0,110.0,27.6,25.9,61.0,202.0,A
62.0,M,172.7,79.0,26.1,95.0,135.0,45.7,7.1,29.0,158.0,B
32.0,M,170.3,93.5,36.4,95.0,144.0,43.9,10.6,38.0,189.0,D
51.0,M,173.8,68.7,17.8,91.0,138.0,38.3,11.2,38.0,223.0,B
24.0,M,174.5,75.7,18.8,67.0,128.0,44.2,3.4,43.0,173.0,D
24.0,M,171.3,65.8,4.0,74.0,126.0,56.3,7.6,55.0,283.0,C
26.0,M,185.8,101.4,21.1,93.0,158.0,53.6,11.1,47.0,254.0,C
30.0,M,175.2,71.5,12.6,96.0,145.0,45.2,18.1,47.0,224.0,A
51.0,M,175.1,74.1,16.9,84.0,154.0,46.4,7.3,46.0,214.0,C
59.0,M,166.9,73.8,23.1,70.0,120.0,43.9,15.5,39.0,215.0,A
32.0,M,171.7,78.5,16.8,81.0,139.0,25.6,18.3,68.0,236.0,A
23.0,M,182.3,82.4,18.3,74.0,132.0,48.5,22.7,43.0,249.0,C
52.0,M,167.8,69.5,20.5,89.0,147.0,43.1,19.0,35.0,197.0,B
62.0,M,174.8,73.4,22.0,81.0,159.0,46.5,15.1,30.0,185.0,B
40.0,M,168.8,68.8,20.3,81.0,120.0,48.0,11.4,47.0,220.0,C
46.0,F,162.3,60.3,28.1,79.0,125.0,17.6,17.4,21.0,142.0,C
26.0,M,171.8,69.7,16.7,60.0,113.0,46.2,16.2,49.0,228.0,B
27.0,M,181.2,68.4,21.2,68.0,131.0,34.8,-2.2,45.0,215.0,D
58.0,F,154.2,52.98,23.6,62.0,128.0,28.3,21.9,37.0,153.0,A
54.0,M,178.3,76.7,22.3,77.0,122.0,43.9,14.7,32.0,185.0,B
27.0,M,178.1,73.3,23.0,75.0,134.0,34.1,19.8,45.0,200.0,D
48.0,F,159.1,56.2,32.2,93.0,136.0,23.0,22.8,30.0,168.0,B
45.0,M,169.8,71.0,24.6,82.0,143.0,37.2,10.3,31.0,227.0,C
35.0,M,177.8,81.5,18.0,90.0,141.0,40.1,13.7,46.0,160.0,D
22.0,F,154.3,58.5,34.4,90.0,140.0,28.0,14.2,38.0,159.0,C
29.0,M,170.8,81.8,25.1,90.0,140.0,45.3,8.2,31.0,215.0,D
30.0,M,180.1,73.1,12.92922,79.0,125.0,58.1,19.1,54.0,225.0,C
47.0,F,153.0,57.9,34.6,75.0,114.0,22.9,3.6,12.0,120.0,D
60.0,F,160.3,54.3,28.5,78.0,152.0,23.3,21.7,12.0,150.0,B
22.0,F,153.5,49.7,25.9,61.0,117.0,29.3,22.0,44.0,168.0,B
39.0,F,157.0,52.9,27.0,76.0,113.0,26.3,24.0,15.0,140.0,D
63.0,M,172.9,69.5,25.9,85.0,144.0,39.6,17.2,38.0,208.0,C
54.0,F,154.0,54.5,31.6,74.0,129.0,16.0,12.5,13.0,120.0,D
25.0,F,155.3,60.0,32.2,63.0,110.0,33.2,21.7,48.0,200.0,A
28.0,M,166.9,65.6,12.7,99.0,145.0,50.1,19.4,44.0,230.0,C
31.0,M,175.0,79.4,18.7,88.0,146.0,61.3,27.4,47.0,251.0,D
41.0,F,165.1,57.2,30.1,92.0,143.0,19.7,9.4,21.0,159.0,D
57.0,M,170.6,64.52,17.3,97.0,156.0,40.2,10.1,42.0,181.0,C
21.0,M,169.9,69.2,14.1,71.0,130.0,39.3,23.8,59.0,246.0,A
33.0,M,178.0,78.3,13.5,80.0,148.0,46.2,14.2,62.0,264.0,B
28.0,M,174.7,76.7,16.8,86.0,130.0,40.4,21.0,49.0,251.0,B
35.0,M,176.5,82.1,21.6,86.0,137.0,56.4,10.1,56.0,252.0,B
57.0,F,161.0,50.02,15.0,76.0,119.0,22.3,20.5,38.0,153.0,A
48.0,M,173.6,75.8,24.4,77.0,117.0,42.8,21.1,44.0,201.0,B
24.0,F,159.6,62.9,30.9,85.0,128.0,29.2,26.5,43.0,177.0,A
25.0,M,179.8,83.5,27.9,98.0,144.0,35.7,11.1,38.0,195.0,D
45.0,M,169.6,67.9,19.3,71.0,114.0,43.7,15.4,50.0,213.0,A
21.0,M,170.4,74.3,19.5,82.0,157.0,45.6,12.7,54.0,194.0,B
53.0,M,172.3,71.6,19.6,90.0,141.0,37.9,9.3,47.0,203.0,B
49.0,F,166.7,58.6,22.4,99.0,134.0,25.2,20.2,27.0,124.0,B
22.0,M,168.5,65.0,18.7,85.0,131.0,39.4,14.0,50.0,258.0,B
22.0,M,171.0,70.6,14.4,86.0,125.0,40.7,5.7,40.0,230.0,D
23.0,F,166.2,60.3,28.5,73.0,109.0,25.6,25.9,30.0,161.0,C
42.0,M,174.7,76.2,20.5,77.0,113.0,43.4,23.4,34.0,239.0,D
60.0,F,166.8,56.0,18.3,77.0,142.0,23.7,21.8,31.0,123.0,A
31.0,M,172.6,88.4,23.1,84.0,134.0,58.3,21.5,51.0,234.0,A
52.0,M,175.0,65.1,17.5,89.0,147.0,41.7,15.0,34.0,214.0,B
27.0,F,156.5,60.8,32.3,81.0,145.0,21.4,21.3,34.0,160.0,A
60.0,M,171.9,79.8,25.9,92.0,131.0,41.6,7.4,34.0,179.0,B
64.0,M,163.8,70.3,29.2,79.0,120.0,24.9,4.4,17.0,151.0,D
48.0,F,168.6,53.96,22.8,72.0,118.0,29.1,2.8,38.0,144.0,D
46.0,M,177.1,79.2,24.6,86.0,122.0,41.0,16.2,38.0,213.0,B
32.0,M,175.2,82.1,18.8,87.0,132.0,54.9,21.5,50.0,250.0,A
26.0,F,162.5,60.88,32.9,80.0,120.0,29.9,29.1,50.0,157.0,A
49.0,M,170.3,89.1,26.1,83.0,121.0,57.7,14.6,47.0,211.0,B
38.0,F,159.8,69.5,35.3,97.0,145.0,28.1,17.3,30.0,161.0,D
22.0,F,166.0,55.7,32.5,63.0,107.0,24.6,14.0,21.0,130.0,D
21.0,M,169.0,66.1,14.4,83.0,131.0,41.1,8.1,48.0,181.0,C
23.0,M,178.0,77.7,10.9,82.0,135.0,58.5,17.0,55.0,238.0,A
64.0,F,147.0,52.4,36.0,70.0,115.0,24.1,24.7,17.0,126.0,A
25.0,M,180.5,74.8,13.4,86.0,146.0,44.0,11.1,35.0,200.0,D
28.0,F,172.8,64.6,25.2,71.0,131.0,31.4,15.1,52.0,211.0,B
38.0,M,180.9,85.1,14.7,64.0,129.0,56.5,17.8,40.0,245.0,B
22.0,M,171.2,59.9,18.7,81.0,148.0,43.2,11.4,45.0,242.0,C
33.0,F,160.8,64.9,36.6,97.0,142.0,26.9,18.4,41.0,176.0,D
22.0,M,167.3,61.4,16.4,68.0,114.0,38.8,19.9,67.0,240.0,A
21.0,M,187.6,80.7,16.7,80.0,137.0,40.6,10.3,46.0,255.0,C
27.0,F,166.7,52.9,25.2,57.0,115.0,17.0,19.3,25.0,126.0,D
55.0,M,167.0,80.4,28.5,85.0,137.0,34.1,-5.8,25.0,178.0,D
33.0,M,173.0,64.66,21.4,74.0,129.0,36.1,2.1,60.0,197.0,D
21.0,F,169.3,58.8,19.7,61.0,105.0,30.1,18.9,46.0,182.0,B
36.0,M,175.5,83.6,25.0,83.0,116.0,45.1,13.6,50.0,221.0,B
44.0,M,169.5,75.6,24.6,99.0,147.0,38.1,7.6,38.0,205.0,C
47.0,M,168.0,63.2,12.7,81.0,118.0,33.6,10.7,36.0,210.0,B
37.0,M,176.3,73.5,20.2,74.0,143.0,43.6,14.0,55.0,214.0,B
40.0,M,173.3,74.9,22.8,97.0,149.0,48.9,19.8,36.0,215.0,C
58.0,F,155.9,50.9,20.2,81.0,130.0,27.4,29.1,17.0,90.0,C
40.0,M,173.2,78.2,21.9,81.0,144.0,45.3,17.3,48.0,207.0,A
21.0,M,172.7,66.3,11.4,69.0,118.0,40.7,16.7,60.0,253.0,A
22.0,M,170.5,78.2,20.4,69.0,119.0,30.0,4.4,10.0,180.0,D
48.0,M,171.9,73.4,27.0,87.0,133.0,33.1,12.7,30.0,194.0,C
41.0,M,170.3,69.2,24.4,97.0,151.0,43.1,14.5,43.0,217.0,B
23.0,M,166.6,66.9,15.6,77.0,127.0,48.0,29.0,59.0,237.0,A
48.0,M,167.6,66.4,16.1,94.0,140.0,43.4,14.4,38.0,235.0,B
34.0,M,178.0,116.3,36.0,95.0,135.0,56.7,-1.8,31.0,179.0,D
62.0,F,158.0,57.3,33.9,75.0,125.0,19.7,-0.2,10.0,133.0,D
50.0,F,157.6,46.3,23.7,66.0,113.0,19.3,22.7,6.0,129.0,D
22.0,M,180.0,87.1,24.9,84.0,155.0,34.5,5.9,34.0,221.0,D
35.0,M,184.6,79.0,22.6,85.0,131.0,45.5,6.7,45.0,194.0,C
38.0,F,161.7,49.6,22.3,65.0,110.0,25.2,22.1,33.0,142.0,A
22.0,M,175.9,70.9,16.3,82.0,147.0,43.0,8.4,53.0,251.0,C
38.0,M,177.0,86.6,20.8,99.0,159.0,45.4,19.7,58.0,221.0,C
56.0,F,156.8,49.34,25.2,82.0,140.0,29.7,26.6,31.0,156.0,A
38.0,M,176.5,74.4,10.2,75.0,136.0,50.5,18.9,54.0,243.0,A
29.0,F,160.8,59.6,25.6,81.0,129.0,26.1,22.8,34.0,175.0,A
21.0,M,171.6,69.0,15.8,69.0,130.0,24.7,21.0,45.0,195.0,C
36.0,M,175.0,82.0,24.1,81.0,121.0,50.3,19.2,55.0,223.0,A
64.0,M,169.8,84.9,23.0,96.0,153.0,50.7,12.9,32.0,170.0,A
28.0,M,180.8,80.4,13.7,92.0,150.0,45.2,13.2,52.0,256.0,B
21.0,F,170.3,62.8,29.6,78.0,130.0,28.3,27.1,30.0,188.0,B
33.0,F,165.8,67.6,34.7,73.0,113.0,30.4,21.6,13.0,145.0,D
24.0,M,170.4,85.5,30.8,85.0,134.0,39.8,7.2,55.0,184.0,D
24.0,M,177.1,70.4,13.5,54.0,121.0,42.7,11.3,42.0,203.0,C
22.0,F,159.4,55.3,23.8,75.0,120.0,22.2,29.7,53.0,200.0,A
61.0,M,174.9,62.2,12.0,80.0,136.0,32.4,15.2,27.0,177.0,C
50.0,F,162.5,49.2,26.6,68.0,102.0,16.4,11.6,18.0,147.0,D
24.0,M,163.0,62.4,14.2,98.0,156.0,48.0,19.5,65.0,236.0,B
54.0,M,171.0,70.5,20.4,93.0,151.0,51.9,14.6,32.0,218.0,B
29.0,M,175.1,68.9,13.8,77.0,139.0,42.9,11.3,45.0,245.0,B
22.0,F,151.9,45.0,27.7,75.0,117.0,22.7,27.6,54.0,184.0,A
58.0,M,175.6,67.7,18.2,66.0,132.0,40.4,22.8,38.0,241.0,A
39.0,M,174.2,77.1,18.3,93.0,146.0,44.6,11.2,33.0,218.0,C
45.0,M,168.0,62.0,12.2,87.0,133.0,37.8,20.2,54.0,211.0,A
26.0,F,153.3,46.9,27.9,64.0,112.0,21.1,22.2,32.0,117.0,C
39.0,M,171.0,75.5,24.3,78.0,138.0,44.8,14.6,43.0,205.0,B
21.0,M,182.2,73.5,18.2,68.0,129.0,35.5,10.0,38.0,203.0,D
64.0,M,172.7,81.3,26.3,84.0,154.0,47.2,22.2,36.0,177.0,D
37.0,F,156.1,53.8,31.1,81.0,122.0,23.7,21.1,42.0,160.0,B
31.0,M,169.6,66.46,15.0,74.0,127.0,43.6,9.9,58.0,219.0,B
37.0,M,180.3,86.3,26.4,74.0,111.0,53.9,19.1,50.0,235.0,A
25.0,M,174.3,58.5,11.0,91.0,135.0,43.2,12.4,46.0,216.0,B
22.0,F,161.4,54.2,27.5,73.0,142.0,29.6,25.4,42.0,206.0,A
21.0,M,186.4,92.5,11.2,75.0,124.0,47.0,24.9,71.0,255.0,C
37.0,F,154.7,44.4,21.7,65.0,108.0,22.5,21.5,34.0,169.0,A
24.0,F,162.9,55.2,31.4,68.0,122.0,24.4,2.0,25.0,135.0,D
61.0,M,176.5,77.6,27.6,80.0,150.0,41.4,-19.7,12.0,140.0,D
51.0,F,165.1,61.7,33.4,66.0,105.0,24.1,15.0,20.0,157.0,C
61.0,F,155.7,49.6,25.2,64.0,131.0,19.7,23.0,16.0,120.0,B
